DROP DATABASE IF EXISTS amd_by;
CREATE DATABASE amd_by;
USE amd_by;

CREATE TABLE customers (
  -- зависимости не позволяют изменять поле id (используется ON UPDATE по умолчанию (RESTRICT))
  id SERIAL PRIMARY KEY,
  `name` VARCHAR(255) NOT NULL,
  email VARCHAR(255) NOT NULL UNIQUE,
  -- оставляем незашифрованное значение поля password
  -- для проверки корректности шифрования
  `password` VARCHAR(255) NOT NULL,
  hash_password VARCHAR(255), -- hash код пароля
  phone CHAR(20) NOT NULL,
  city CHAR(50) NOT NULL,
  `address` VARCHAR(255),
  created_at DATETIME DEFAULT CURRENT_TIMESTAMP,
  
  modified_at DATETIME DEFAULT CURRENT_TIMESTAMP,
  INDEX customers_phone_idx(phone),
  INDEX customers_name_idx(`name`),
  -- 2007 - год создания магазина
  CHECK (created_at > '2007-01-01 00:00:00' AND modified_at > created_at)
) COMMENT = 'Покупатели';

CREATE TABLE shipments (
  id SERIAL PRIMARY KEY,
  customer_id BIGINT UNSIGNED NOT NULL,
  -- дублирование полей: город и адрес,
  -- так как могут не соответствовать значениям из профиля покупателя
  city CHAR(50) NOT NULL,
  `address` VARCHAR(255) NOT NULL, 
  shipment_date DATETIME,
  `status` BOOLEAN DEFAULT FALSE,
  -- не возможно существование при удалении покупателя
  FOREIGN KEY (customer_id) REFERENCES customers(id) ON DELETE CASCADE,
  CHECK (shipment_date > '2007-01-01 00:00:00')
) COMMENT = 'Доставка';

CREATE TABLE payments (
  id SERIAL PRIMARY KEY,
  customer_id BIGINT UNSIGNED NOT NULL,
  payment_date DATETIME NOT NULL,
  payment_method ENUM('cash', 'non-cash'),  
  amount DECIMAL(11, 2) NOT NULL,
  -- не возможно существование при удалении покупателя
  FOREIGN KEY (customer_id) REFERENCES customers(id) ON DELETE CASCADE,
  CHECK (amount > 0 AND payment_date > '2007-01-01 00:00:00')
) COMMENT = 'Оплата';

CREATE TABLE orders (
  id SERIAL PRIMARY KEY,
  customer_id BIGINT UNSIGNED NOT NULL,
  -- один заказ -> один платёж, одна доставка
  payment_id BIGINT UNSIGNED UNIQUE,
  shipment_id BIGINT UNSIGNED UNIQUE,
  total_price DECIMAL(11, 2) DEFAULT 0 COMMENT 'Полная цена заказа',
  order_date DATETIME DEFAULT CURRENT_TIMESTAMP,
  -- не возможно существование при удалении покупателя
  FOREIGN KEY (customer_id) REFERENCES customers(id) ON DELETE CASCADE,
  -- важно сохранить состав заказа (хотя бы стоимость и дату заказа),
  -- так как при удалении записи из таблицы orders,
  -- удаляются каскадом записи из таблицы orders_products
  -- поэтому используем ON DELETE SET NULL
  FOREIGN KEY (payment_id) REFERENCES payments(id) ON UPDATE CASCADE ON DELETE SET NULL,
  FOREIGN KEY (shipment_id) REFERENCES shipments(id) ON UPDATE CASCADE ON DELETE SET NULL,
  CHECK (total_price >= 0 AND order_date > '2007-01-01 00:00:00')
) COMMENT = 'Заказы';

CREATE TABLE catalog (
  id SERIAL PRIMARY KEY,
  `name` VARCHAR(255) NOT NULL UNIQUE
) COMMENT = 'Главный (корневой) каталог';

CREATE TABLE sections (
  id SERIAL PRIMARY KEY,
  catalog_id BIGINT UNSIGNED,
  `name` VARCHAR(255) NOT NULL UNIQUE,
  -- следует сохранить существование при удалении каталога
  FOREIGN KEY (catalog_id) REFERENCES catalog(id) ON UPDATE CASCADE ON DELETE SET NULL
) COMMENT = 'Разделы';

CREATE TABLE categories (
  id SERIAL PRIMARY KEY,
  section_id BIGINT UNSIGNED,
  `name` VARCHAR(255) NOT NULL UNIQUE,
  -- следует сохранить существование при удалении раздела
  FOREIGN KEY (section_id) REFERENCES sections(id) ON UPDATE CASCADE ON DELETE SET NULL
) COMMENT = 'Категории';

CREATE TABLE products (
  -- для упрощения дата добавления товара в магазин не используется
  id SERIAL PRIMARY KEY,
  category_id BIGINT UNSIGNED,
  `name` VARCHAR(255) NOT NULL UNIQUE,
  `description` TEXT, 
  SKU VARCHAR(100) NOT NULL UNIQUE COMMENT 'Stock Keeping Units',
  price DECIMAL(11, 2),
  stock INT UNSIGNED NOT NULL COMMENT 'Запасы',
  -- важно сохранить ключевые данные о товаре
  FOREIGN KEY (category_id) REFERENCES categories(id) ON UPDATE CASCADE ON DELETE SET NULL,
  CHECK (price > 0)
) COMMENT = 'Товары';

-- для упрощения используется связь 1 to 1 (один товар -> одна скидка)
CREATE TABLE bargain_sales(
  product_id SERIAL PRIMARY KEY,
  discount_percent FLOAT,
  `active` BOOLEAN DEFAULT FALSE,  
  created_at DATETIME DEFAULT CURRENT_TIMESTAMP,
  -- не возможно существование при удалении товара
  FOREIGN KEY (product_id) REFERENCES products(id) ON UPDATE CASCADE ON DELETE CASCADE,
  CHECK (discount_percent>0 AND discount_percent < 100 AND created_at > '2007-01-01 00:00:00')
) COMMENT = 'Распродажа';

CREATE TABLE orders_products (
  order_id BIGINT UNSIGNED NOT NULL,
  product_id BIGINT UNSIGNED NOT NULL,
  quantity INT UNSIGNED COMMENT 'Количество единиц товара',
  price DECIMAL(11, 2) COMMENT 'Товар * количество',
  -- PRIMARY KEY составной -> удаление каскадом
  FOREIGN KEY (order_id) REFERENCES orders(id) ON UPDATE CASCADE ON DELETE CASCADE,
  FOREIGN KEY (product_id) REFERENCES products(id) ON UPDATE CASCADE ON DELETE CASCADE,
  PRIMARY KEY (order_id, product_id),
  CHECK (price>=0)
) COMMENT = 'Состав заказа';

CREATE TABLE cart (
  customer_id BIGINT UNSIGNED NOT NULL,
  product_id BIGINT UNSIGNED NOT NULL,
  quantity INT UNSIGNED NOT NULL COMMENT 'Количество единиц товара',
  -- PRIMARY KEY составной -> удаление каскадом
  FOREIGN KEY (customer_id) REFERENCES customers(id) ON DELETE CASCADE,
  FOREIGN KEY (product_id) REFERENCES products(id) ON UPDATE CASCADE ON DELETE CASCADE,
  PRIMARY KEY (customer_id, product_id),
  CHECK (quantity > 0)
) COMMENT = 'Корзина';

CREATE TABLE wishlist (
  customer_id BIGINT UNSIGNED NOT NULL,
  product_id BIGINT UNSIGNED NOT NULL,
  -- PRIMARY KEY составной -> удаление каскадом
  FOREIGN KEY (customer_id) REFERENCES customers(id) ON DELETE CASCADE,
  FOREIGN KEY (product_id) REFERENCES products(id) ON UPDATE CASCADE ON DELETE CASCADE,
  PRIMARY KEY (customer_id, product_id)
) COMMENT = 'Товары добавленные в закладки';



-- ----- TRIGGERS -----

-- кодирование пароля покупателя
DROP TRIGGER IF EXISTS set_hash_password;
DELIMITER //
CREATE TRIGGER set_hash_password
BEFORE INSERT
ON customers FOR EACH ROW
BEGIN
  SET NEW.hash_password = SHA1(NEW.password);
END //
DELIMITER ;

-- дата заказа должна быть равной либо после даты создания покупателя
-- поэтому устанавливаем равной дате создания покупателя, если дата до
-- также дата оплаты и дата доставки должны быть равными либо после даты создания заказа
-- (основное назначение - корректировка дат при наполнении БД)
DROP TRIGGER IF EXISTS orders_correct_order_date;
DELIMITER //
CREATE TRIGGER orders_correct_order_date
BEFORE INSERT
ON orders FOR EACH ROW
BEGIN
  DECLARE customer_created_at DATETIME;
  DECLARE old_payment_date DATETIME;
  DECLARE old_shipment_date DATETIME;

  SELECT c.created_at
  INTO customer_created_at
  FROM customers c WHERE NEW.customer_id = c.id;
  
  SELECT p.payment_date
  INTO old_payment_date
  FROM payments p WHERE NEW.payment_id = p.id;
  
  SELECT s.shipment_date
  INTO old_shipment_date
  FROM shipments s WHERE NEW.shipment_id = s.id;  
    
  IF NEW.order_date < customer_created_at THEN
    SET NEW.order_date = customer_created_at;
    IF old_payment_date < customer_created_at THEN
      UPDATE payments SET payment_date = customer_created_at
      WHERE NEW.payment_id = payments.id;
    END IF;
    IF old_shipment_date < customer_created_at THEN
      UPDATE shipments SET shipment_date = customer_created_at
      WHERE NEW.shipment_id = shipments.id;
    END IF;
  ELSE
    IF old_payment_date < NEW.order_date THEN
      UPDATE payments SET payment_date = NEW.order_date
      WHERE NEW.payment_id = payments.id;
	END IF;
    IF old_shipment_date < NEW.order_date THEN
      UPDATE shipments SET shipment_date = NEW.order_date
      WHERE NEW.shipment_id = shipments.id;
    END IF;  
  END IF;  
END //
DELIMITER ;

-- расчёт цены одной позиции в заказе (цена товара * количество)
-- также добавление этой цены к общей цене заказа
DROP TRIGGER IF EXISTS orders_products_calculate_price;
DELIMITER //
CREATE TRIGGER orders_products_calculate_price
BEFORE INSERT
ON orders_products FOR EACH ROW
BEGIN
  DECLARE price_quantity DECIMAL(11,2);
  
  SELECT p.price * NEW.quantity * IF(b_s.active, (100 - b_s.discount_percent) / 100, 1)
  INTO price_quantity
  FROM products p
  LEFT JOIN bargain_sales b_s ON b_s.product_id = p.id
  WHERE p.id = NEW.product_id;
  
  SET NEW.price = price_quantity;
  
  UPDATE orders SET total_price = total_price + price_quantity WHERE orders.id = NEW.order_id;
END //
DELIMITER ;



-- ----- PROCEDURES -----

-- процедура совершает транзакцию по перемещению выбранных товаров из корзины в заказы
DROP PROCEDURE IF EXISTS `sp_order_add`;
DELIMITER //
CREATE PROCEDURE `sp_order_add`(customer_id_arg BIGINT UNSIGNED, OUT tran_result VARCHAR(100))
BEGIN
  DECLARE code VARCHAR(100) DEFAULT '00000';
  DECLARE error_string VARCHAR(100);
  DECLARE length INT DEFAULT 0;
  DECLARE counter INT DEFAULT 0;
  DECLARE last_created_order_id BIGINT UNSIGNED;
  DECLARE add_product_id BIGINT UNSIGNED;
  DECLARE add_quantity INT UNSIGNED;
  
  DECLARE CONTINUE HANDLER FOR SQLEXCEPTION
  BEGIN
    GET DIAGNOSTICS CONDITION 1
    code = RETURNED_SQLSTATE, error_string = MESSAGE_TEXT;
  END;
  
  START TRANSACTION;
    -- определение количества позиций (строк) в корзине
    SELECT COUNT(*) FROM cart WHERE customer_id = customer_id_arg INTO length;
    -- создание пустого заказа
    INSERT INTO orders (customer_id)
    VALUES (customer_id_arg);
    -- сохранение id нового заказа в переменной
    SET last_created_order_id = last_insert_id();
    
    SET counter = 0;
    WHILE counter < length DO
      SELECT product_id FROM cart WHERE customer_id = customer_id_arg LIMIT counter,1 INTO add_product_id;
      SELECT quantity FROM cart WHERE customer_id = customer_id_arg LIMIT counter,1 INTO add_quantity;    
      -- копирование данных из корзины покупателя в orders_products
      -- также должен сработать триггер orders_products_calculate_price
      INSERT INTO orders_products (order_id, product_id, quantity) VALUES (last_created_order_id, add_product_id, add_quantity);
      SET counter = counter + 1;      
    END WHILE;
    
    -- удаление данных из корзины покупателя
    DELETE FROM cart WHERE customer_id = customer_id_arg;

    IF code <> '00000' THEN
	  SET tran_result = concat('Ошибка:',' ', code, ' Текст ошибки: ', error_string);
	  ROLLBACK;
	ELSE
	  SET tran_result = 'OK';
	  COMMIT;
	END IF;
END //
DELIMITER ;

-- процедура выводит покупателей, купивших такой же товар как и покупатель с введённым ID
DROP PROCEDURE IF EXISTS `sp_same_order`;
DELIMITER //
CREATE PROCEDURE `sp_same_order`(customer_id_arg BIGINT UNSIGNED)
BEGIN
  DECLARE customer_product_id BIGINT UNSIGNED;  
  -- получение одного id товара, купленного покупателем
  SELECT product_id  FROM orders_products
  JOIN orders ON orders_products.order_id = orders.id
  JOIN customers ON orders.customer_id = customers.id
  WHERE customers.id = customer_id_arg LIMIT 1
  INTO customer_product_id;
  
  SELECT c.id, c.name, c.city, c.address
  FROM customers c
  JOIN orders ON orders.customer_id = c.id
  JOIN orders_products ON orders_products.order_id = orders.id
  WHERE orders_products.product_id = customer_product_id AND c.id <> customer_id_arg;
END //
DELIMITER ;



-- ----- VIEWS -----

-- представление выводит список товаров, находящихся в распродаже
-- (ID товара, название товара, статус(активен = 1, не активен = 0), процент скидки, начальную цену, цену со скидкой)
DROP VIEW IF EXISTS v_bargain_sales;
CREATE VIEW v_bargain_sales
AS
SELECT p.name, b_s.active, b_s.discount_percent, p.price, IF (b_s.active, TRUNCATE(( p.price * (100 - b_s.discount_percent) / 100), 2), p.price) AS `цена со скидкой`
FROM bargain_sales b_s
JOIN products p ON p.id = b_s.product_id;

-- представление выводит список товаров отсортированных по категориям
DROP VIEW IF EXISTS v_list_products;
CREATE VIEW v_list_products
AS
SELECT products.id, catalog.name AS `Каталог`, sections.name AS `Раздел`, categories.name AS `Категория`, products.name AS `Название`
FROM products
JOIN categories ON categories.id = products.category_id
JOIN sections ON sections.id = categories.section_id
JOIN catalog ON catalog.id = sections.catalog_id
ORDER BY catalog.name, sections.name, categories.name, products.name;



-- ----- Наполнение БД ------
INSERT INTO `customers` VALUES
(1,'Белоусов Тамара Владимирович','любовь.морозов@example.com','assumenda','temporibus','8-800-589-0063','Коломна','526620, Ивановская область, город Домодедово, пер. Косиора, 31','2009-01-26 11:21:44','2024-06-29 15:01:42'),
(2,'Фаина Владимирович Тихонов','qситников@example.org','optio','ea','8-800-151-7056','Луховицы','844035, Иркутская область, город Коломна, ул. Будапештсткая, 43','2010-06-22 05:46:30','2024-01-08 18:09:07'),
(3,'Одинцов Лилия Алексеевич','клим.беспалов@example.org','dignissimos','voluptas','(35222) 75-0993','Балашиха','296552, Смоленская область, город Истра, шоссе Космонавтов, 23','2012-03-16 06:09:01','2020-03-28 04:26:25'),
(4,'Евгения Евгеньевич Колобов','баранов.прохор@example.org','consequatur','tempora','(495) 821-9673','Луховицы','270954, Архангельская область, город Балашиха, спуск Ладыгина, 42','2007-03-10 17:10:51','2011-03-20 22:24:48'),
(5,'Доронин Герман Борисович','киселёв.нестор@example.com','est','pariatur','8-800-591-4743','Можайск','755371, Волгоградская область, город Балашиха, шоссе Ладыгина, 17','2013-10-10 02:03:32','2018-11-01 09:23:16'),
(6,'Надежда Борисович Осипов','никонов.маргарита@example.com','ducimus','laboriosam','(812) 328-00-05','Чехов','012490, Московская область, город Зарайск, пр. Ломоносова, 02','2008-11-14 09:50:17','2016-10-26 20:12:04'),
(7,'сава Максимович Кабанов','захар84@example.com','et','unde','+7 (922) 362-4399','Серпухов','498455, Тверская область, город Раменское, ул. Ленина, 09','2014-09-30 09:13:38','2024-02-11 23:36:44'),
(8,'Галина Дмитриевич Титов','александр98@example.net','non','voluptatem','(812) 678-77-02','Сергиев Посад','966066, Рязанская область, город Шатура, бульвар Косиора, 15','2009-05-31 03:50:23','2021-01-10 04:08:05'),
(9,'Оксана Максимович Кудрявцев','кирилл.муравьёв@example.com','tenetur','minus','(35222) 19-5286','Ногинск','581513, Амурская область, город Ступино, шоссе Славы, 49','2008-01-08 06:15:11','2020-02-25 05:38:47'),
(10,'Регина Алексеевич Кузьмин','беляев.полина@example.com','iusto','quae','(495) 055-4327','Воскресенск','664315, Саратовская область, город Орехово-Зуево, наб. Балканская, 72','2014-02-19 05:58:22','2023-04-05 04:28:30'),
(11,'Русаков Олеся Дмитриевич','дроздов.стефан@example.net','minus','rem','(495) 682-1092','Одинцово','764225, Сахалинская область, город Шатура, проезд Будапештсткая, 57','2013-02-16 03:48:32','2014-11-29 22:49:32'),
(12,'Гордей Андреевич Гущин','михеев.олеся@example.net','qui','suscipit','(812) 700-22-42','Видное','801774, Белгородская область, город Истра, спуск Ладыгина, 83','2016-03-09 18:26:11','2016-09-22 17:24:52'),
(13,'Альбина Владимирович Буров','qселезнёв@example.org','veniam','magnam','+7 (922) 699-1018','Солнечногорск','696275, Омская область, город Серпухов, ул. Космонавтов, 98','2016-01-07 18:26:00','2017-07-15 19:55:15'),
(14,'Альбина Романович Гришин','антон51@example.com','soluta','minima','8-800-940-8019','Зарайск','042204, Тверская область, город Павловский Посад, пл. Будапештсткая, 55','2007-06-05 18:23:11','2012-12-14 02:55:08'),
(15,'Лаврентьев Захар Владимирович','иосиф44@example.org','omnis','eum','8-800-101-6018','Ногинск','168744, Кировская область, город Шатура, пл. Славы, 49','2017-06-05 20:50:05','2017-09-16 09:17:37'),
(16,'Спартак Борисович Виноградов','инга.щукин@example.com','mollitia','nihil','+7 (922) 645-0052','Озёры','730266, Свердловская область, город Красногорск, пер. Домодедовская, 77','2017-05-14 07:32:15','2019-04-29 14:52:25'),
(17,'Шестаков Виль Евгеньевич','романов.захар@example.com','dolore','ea','(495) 487-6047','Люберцы','063241, Саратовская область, город Ногинск, бульвар Домодедовская, 86','2010-07-08 05:20:35','2012-01-28 03:34:21'),
(18,'Быков ефим Александрович','dегоров@example.net','dolore','enim','(495) 287-3244','Сергиев Посад','324325, Самарская область, город Солнечногорск, спуск Славы, 77','2008-05-23 01:57:29','2013-02-20 11:56:55'),
(19,'Воронцов Екатерина Владимирович','sнекрасов@example.org','iste','quasi','(812) 439-83-89','Луховицы','351258, Саратовская область, город Можайск, наб. Бухарестская, 14','2009-08-15 14:57:11','2018-08-25 04:07:51'),
(20,'Диана Дмитриевич Красильников','денис.меркушев@example.org','deleniti','blanditiis','(495) 643-2296','Красногорск','534413, Кировская область, город Видное, проезд Косиора, 09','2015-11-18 13:20:11','2019-08-12 22:14:02'),
(21,'Яна Алексеевич Матвеев','fевдокимов@example.net','et','rerum','8-800-568-0599','Пушкино','769477, Тульская область, город Талдом, спуск Бухарестская, 89','2013-07-19 16:53:17','2018-07-13 20:52:20'),
(22,'Арсений Алексеевич Сысоев','oалександров@example.org','dolorem','ut','8-800-168-3949','Сергиев Посад','908674, Мурманская область, город Волоколамск, бульвар Будапештсткая, 70','2014-02-12 04:18:19','2019-05-23 01:35:46'),
(23,'Прохор Сергеевич Беспалов','зоя.рожков@example.org','iusto','numquam','(495) 978-0281','Луховицы','711808, Ленинградская область, город Клин, пер. Славы, 13','2015-04-17 11:56:01','2016-01-27 18:32:49'),
(24,'Сидоров никодим Фёдорович','макар.рожков@example.com','dicta','perferendis','+7 (922) 880-7610','Талдом','737068, Волгоградская область, город Подольск, пл. 1905 года, 07','2015-07-18 22:56:37','2023-01-21 15:31:27'),
(25,'Кузнецов макар Дмитриевич','aкозлов@example.com','aliquid','hic','(495) 962-7493','Ногинск','785482, Курская область, город Сергиев Посад, въезд Бухарестская, 60','2007-03-17 02:10:17','2023-10-27 10:14:27'),
(26,'Блохин Изольда Дмитриевич','jзиновьев@example.org','vel','et','8-800-434-3791','Чехов','664494, Калужская область, город Сергиев Посад, въезд Балканская, 78','2013-05-05 13:17:04','2021-01-02 03:21:52'),
(27,'Лукин давид Сергеевич','владимир83@example.org','sint','nostrum','(495) 768-2284','Коломна','523968, Тюменская область, город Раменское, пер. Космонавтов, 34','2018-02-02 23:02:20','2020-04-04 19:11:51'),
(28,'Казаков Светлана Владимирович','dмарков@example.org','et','ipsam','(495) 032-8643','Истра','524225, Костромская область, город Сергиев Посад, пр. Славы, 43','2007-10-23 05:42:47','2021-04-18 21:50:23'),
(29,'Мухин Илья Дмитриевич','дарья.горбачёв@example.com','qui','culpa','(812) 441-83-61','Пушкино','372052, Ленинградская область, город Истра, шоссе Бухарестская, 28','2010-01-11 19:08:31','2018-06-05 05:54:33'),
(30,'Трофимов Инга Львович','нина45@example.com','totam','vero','(812) 986-60-93','Шаховская','811516, Новосибирская область, город Серпухов, спуск Ломоносова, 19','2023-04-25 06:19:45','2024-04-26 16:20:33'),
(31,'Константинов Алёна Борисович','yбелозёров@example.com','explicabo','sequi','(35222) 11-3703','Клин','655111, Саратовская область, город Серпухов, бульвар Косиора, 78','2010-06-27 08:23:04','2023-07-18 04:00:06'),
(32,'Валериан Иванович Миронов','меркушев.трофим@example.com','nemo','optio','(495) 714-2028','Чехов','378793, Калининградская область, город Балашиха, проезд Балканская, 68','2012-06-07 08:47:53','2013-12-07 04:23:26'),
(33,'Альбина Романович Комаров','ольга92@example.org','vitae','tempore','(495) 023-7626','Орехово-Зуево','298369, Владимирская область, город Чехов, спуск Сталина, 65','2008-02-23 01:05:13','2019-08-01 04:53:07');

INSERT INTO `payments` VALUES
(1,12,'2010-02-23 02:00:35','non-cash',4300.84),
(2,15,'2008-07-09 21:25:15','non-cash',2707.39),
(3,17,'2022-01-05 10:03:36','non-cash',3156.00),
(4,19,'2018-11-25 00:58:53','cash',96.33),
(5,20,'2017-11-22 14:53:27','non-cash',3982.70),
(6,22,'2020-11-30 03:49:18','non-cash',4746.59),
(7,25,'2020-04-07 09:29:59','cash',4139.38),
(8,26,'2018-06-05 01:18:01','cash',4821.12),
(9,27,'2007-05-07 16:52:20','cash',1272.45),
(10,30,'2024-08-13 20:29:23','non-cash',2044.41),
(11,31,'2013-08-09 09:19:07','cash',1869.55),
(12,32,'2016-06-22 17:20:42','cash',4297.99),
(13,33,'2023-11-02 14:59:07','non-cash',3528.00),
(14,8,'2013-10-22 08:44:17','non-cash',3423.14),
(15,11,'2023-06-30 11:06:53','non-cash',824.97),
(16,13,'2008-02-13 21:17:22','cash',455.14),
(17,17,'2018-10-31 20:58:34','non-cash',3332.79),
(18,18,'2018-11-21 06:27:53','cash',1113.31),
(19,19,'2021-02-02 19:56:07','cash',425.92),
(20,29,'2016-12-22 13:53:37','non-cash',4870.76),
(21,2,'2023-02-21 04:36:51','cash',2909.00),
(22,3,'2016-01-11 03:57:02','cash',14.98),
(23,4,'2012-05-12 15:41:24','non-cash',745.60),
(24,6,'2020-04-07 21:45:42','cash',532.68),
(25,10,'2013-01-04 09:18:23','cash',1233.21),
(26,11,'2010-04-20 19:48:40','cash',3438.61),
(27,12,'2013-05-27 05:47:08','non-cash',414.19),
(28,13,'2016-06-13 02:45:32','cash',2092.87),
(29,15,'2020-12-28 03:29:36','non-cash',585.00),
(30,16,'2010-11-25 18:50:04','cash',2549.97),
(31,18,'2019-06-02 23:19:36','cash',147.17),
(32,22,'2008-08-08 04:20:50','cash',3262.80),
(33,23,'2007-02-08 07:03:29','cash',4196.50),
(34,25,'2014-09-01 18:17:51','non-cash',3348.20),
(35,27,'2010-12-14 20:42:24','non-cash',4746.80),
(36,33,'2017-12-16 23:17:27','cash',4426.60),
(37,4,'2012-12-24 05:25:31','cash',157.11),
(38,9,'2014-01-25 04:28:52','non-cash',1174.92),
(39,12,'2013-03-25 15:04:22','non-cash',1968.00),
(40,13,'2012-08-24 00:24:48','cash',600.00),
(41,14,'2018-12-02 06:11:26','cash',3111.55),
(42,23,'2018-07-04 03:08:05','cash',2460.00),
(43,24,'2022-08-06 06:37:57','cash',3547.59),
(44,28,'2021-09-08 04:29:40','cash',4936.53),
(45,29,'2013-01-17 02:58:54','non-cash',2099.00),
(46,1,'2011-05-06 04:10:40','cash',4059.32),
(47,3,'2020-03-12 19:57:00','cash',4132.00),
(48,5,'2013-07-17 05:30:12','cash',1547.42),
(49,11,'2010-10-11 13:10:18','cash',3952.00),
(50,14,'2011-11-13 14:19:27','non-cash',4613.96),
(51,18,'2022-05-14 10:12:51','cash',1245.00),
(52,19,'2021-09-19 12:17:21','cash',3101.41),
(53,24,'2007-01-28 00:56:15','cash',1649.82),
(54,27,'2022-08-27 06:26:16','non-cash',1248.80),
(55,31,'2016-09-07 00:54:53','non-cash',2659.13),
(56,1,'2016-05-31 11:38:40','cash',4878.77),
(57,4,'2008-01-10 19:45:47','cash',634.93),
(58,5,'2009-03-01 07:58:43','cash',3838.00),
(59,10,'2010-08-15 01:01:07','non-cash',1363.00),
(60,15,'2021-06-30 21:33:35','cash',4225.02),
(61,18,'2007-10-17 23:40:50','cash',3374.54),
(62,19,'2008-02-12 05:09:19','non-cash',2243.44),
(63,20,'2012-05-06 17:57:41','non-cash',3450.84),
(64,22,'2017-09-15 08:33:55','cash',1798.96),
(65,26,'2020-08-13 10:28:58','non-cash',1068.97),
(66,28,'2015-12-14 18:08:21','non-cash',546.19),
(67,29,'2008-03-23 20:53:39','non-cash',3982.42),
(68,30,'2015-07-20 06:59:24','cash',2045.60),
(69,4,'2023-06-08 11:35:38','cash',2712.48),
(70,5,'2021-03-28 07:27:53','cash',1125.69),
(71,6,'2022-06-11 20:52:17','cash',3182.75),
(72,14,'2012-09-22 21:47:46','cash',355.79),
(73,15,'2008-07-15 06:36:39','cash',2786.90),
(74,16,'2020-09-21 19:58:29','cash',1112.98),
(75,17,'2012-12-20 13:33:42','non-cash',4634.61),
(76,27,'2022-03-18 14:05:09','non-cash',2203.35),
(77,30,'2011-04-23 16:12:36','non-cash',468.57),
(78,33,'2010-07-25 11:57:23','cash',444.51),
(79,2,'2016-06-25 00:22:30','cash',2024.18),
(80,6,'2015-01-12 17:53:34','non-cash',4397.31),
(81,14,'2021-04-04 20:14:57','non-cash',1117.81),
(82,16,'2011-03-06 04:58:31','non-cash',2619.96),
(83,18,'2014-09-16 23:19:43','non-cash',1618.24),
(84,19,'2020-01-19 05:22:54','non-cash',4575.80),
(85,24,'2016-11-22 19:00:59','non-cash',3464.63),
(86,1,'2013-03-06 06:03:57','cash',1499.78),
(87,3,'2010-02-25 01:59:44','non-cash',4808.93),
(88,4,'2014-11-30 15:40:43','non-cash',4033.00),
(89,5,'2013-11-08 15:41:46','cash',4674.38),
(90,6,'2008-01-27 09:22:58','non-cash',4024.78),
(91,8,'2012-05-17 18:00:33','non-cash',1156.83),
(92,9,'2012-10-27 01:03:01','non-cash',4607.49),
(93,14,'2015-10-31 14:51:42','cash',3335.52),
(94,15,'2007-06-18 19:38:35','non-cash',3596.02),
(95,18,'2015-11-05 21:52:39','non-cash',4762.31),
(96,21,'2020-02-28 20:00:39','cash',96.01),
(97,22,'2007-03-09 19:44:15','cash',237.00),
(98,24,'2023-01-23 13:43:59','cash',3076.00),
(99,26,'2008-09-20 05:41:09','cash',4485.20),
(100,27,'2016-06-20 22:09:37','cash',835.30),
(101,30,'2009-05-24 20:12:43','cash',1144.45),
(102,33,'2015-05-03 00:04:08','non-cash',844.42),
(103,1,'2011-09-06 09:01:22','non-cash',900.91),
(104,2,'2022-11-10 07:13:38','non-cash',3834.98);

INSERT INTO `shipments` VALUES
(51,3,'Дмитров','665067, Кемеровская область, город Одинцово, въезд Бухарестская, 40','2024-06-06 09:38:10',0),
(52,4,'Чехов','597217, Сахалинская область, город Шатура, спуск Балканская, 80','2008-07-27 14:49:59',0),
(53,5,'Раменское','778924, Вологодская область, город Щёлково, спуск Сталина, 67','2017-05-21 20:33:18',0),
(54,6,'Балашиха','686630, Курганская область, город Коломна, пл. Гагарина, 97','2007-12-04 20:54:49',0),
(55,7,'Зарайск','080662, Архангельская область, город Кашира, пр. Ладыгина, 18','2008-11-03 21:28:54',0),
(56,9,'Сергиев Посад','526553, Оренбургская область, город Серебряные Пруды, ул. Славы, 00','2016-07-14 05:25:23',0),
(57,10,'Наро-Фоминск','478345, Ростовская область, город Щёлково, шоссе Балканская, 81','2018-06-05 11:25:05',1),
(58,13,'Шатура','116837, Свердловская область, город Москва, ул. Домодедовская, 39','2016-09-14 20:37:57',1),
(59,24,'Лотошино','636411, Кировская область, город Пушкино, проезд Чехова, 14','2007-11-29 22:52:33',1),
(60,26,'Сергиев Посад','642466, Псковская область, город Сергиев Посад, спуск Ладыгина, 03','2020-11-10 02:21:11',1),
(61,31,'Зарайск','624439, Иркутская область, город Красногорск, шоссе Будапештсткая, 50','2016-11-14 22:08:20',0),
(62,1,'Павловский Посад','714568, Костромская область, город Клин, проезд Будапештсткая, 10','2022-01-10 21:51:07',1),
(63,9,'Истра','046929, Московская область, город Орехово-Зуево, шоссе Гагарина, 07','2014-04-04 03:45:27',1),
(64,11,'Талдом','959979, Мурманская область, город Можайск, пр. Бухарестская, 79','2018-05-07 20:19:56',0),
(65,12,'Раменское','911302, Новгородская область, город Одинцово, пр. Гоголя, 43','2010-10-27 05:29:36',1),
(66,13,'Лотошино','136321, Липецкая область, город Дорохово, шоссе Ленина, 74','2007-08-17 01:13:35',1),
(67,16,'Ступино','151515, Читинская область, город Клин, пр. Бухарестская, 85','2019-05-17 15:50:57',1),
(68,19,'Луховицы','253224, Псковская область, город Ступино, ул. Балканская, 94','2022-12-23 21:24:48',1),
(69,21,'Домодедово','721602, Челябинская область, город Солнечногорск, въезд 1905 года, 63','2022-03-13 12:22:22',0),
(70,23,'Москва','307041, Ленинградская область, город Шатура, наб. Ладыгина, 04','2023-05-26 10:10:38',0),
(71,24,'Озёры','224383, Нижегородская область, город Волоколамск, проезд Ладыгина, 50','2017-01-10 21:47:46',0),
(72,25,'Коломна','734262, Ивановская область, город Мытищи, пер. Чехова, 58','2021-07-28 07:56:09',0),
(73,26,'Истра','739464, Нижегородская область, город Талдом, пр. Чехова, 82','2008-04-20 00:49:19',1),
(74,33,'Орехово-Зуево','905616, Орловская область, город Орехово-Зуево, пл. Будапештсткая, 88','2022-04-06 19:57:22',1),
(75,2,'Подольск','744654, Архангельская область, город Москва, въезд Балканская, 82','2021-12-31 23:09:39',1),
(76,3,'Чехов','677866, Московская область, город Можайск, ул. Гоголя, 46','2022-05-11 07:34:14',1),
(77,4,'Солнечногорск','271688, Кемеровская область, город Волоколамск, ул. Будапештсткая, 75','2016-08-23 01:58:58',1),
(78,5,'Дмитров','576194, Белгородская область, город Дорохово, пер. Бухарестская, 21','2011-07-06 15:12:02',1),
(79,6,'Наро-Фоминск','364171, Астраханская область, город Шаховская, пер. Домодедовская, 12','2019-01-10 07:06:27',1),
(80,7,'Щёлково','086591, Тульская область, город Солнечногорск, пл. Ломоносова, 99','2023-06-28 03:34:04',0),
(81,9,'Луховицы','790841, Мурманская область, город Москва, пл. Космонавтов, 88','2023-10-27 05:59:11',0),
(82,11,'Домодедово','371375, Кемеровская область, город Воскресенск, шоссе Ломоносова, 29','2014-04-09 12:14:57',1),
(83,14,'Дмитров','223695, Владимирская область, город Серебряные Пруды, пл. Космонавтов, 46','2015-08-01 19:19:08',1),
(84,20,'Озёры','439529, Московская область, город Наро-Фоминск, бульвар Сталина, 63','2024-07-12 01:37:07',1),
(85,22,'Серпухов','114743, Тамбовская область, город Раменское, пер. 1905 года, 19','2010-06-06 17:08:39',1),
(86,27,'Клин','750975, Свердловская область, город Лотошино, бульвар Ленина, 18','2014-01-20 12:47:22',1),
(87,29,'Талдом','912949, Кировская область, город Можайск, проезд 1905 года, 56','2016-02-05 16:55:05',1),
(88,3,'Солнечногорск','096973, Калужская область, город Можайск, шоссе Космонавтов, 49','2022-05-21 15:02:27',0),
(89,4,'Воскресенск','121995, Ярославская область, город Раменское, бульвар Будапештсткая, 24','2011-11-06 08:19:40',1),
(90,6,'Сергиев Посад','030455, Саратовская область, город Подольск, наб. Ленина, 02','2024-01-24 21:41:44',1),
(91,10,'Наро-Фоминск','339554, Самарская область, город Сергиев Посад, въезд Гоголя, 01','2021-08-20 07:31:25',1),
(92,19,'Люберцы','893540, Кировская область, город Клин, пер. Ломоносова, 51','2017-08-02 14:06:39',1),
(93,21,'Кашира','190045, Магаданская область, город Раменское, пр. Сталина, 31','2010-08-02 12:06:51',1),
(94,25,'Павловский Посад','788785, Челябинская область, город Солнечногорск, пл. Ленина, 35','2010-07-13 08:50:44',0),
(95,27,'Мытищи','924522, Архангельская область, город Коломна, ул. Чехова, 95','2015-05-09 12:36:26',0),
(96,32,'Клин','919061, Новосибирская область, город Озёры, наб. Гагарина, 26','2020-08-24 13:37:27',1),
(97,7,'Домодедово','632851, Волгоградская область, город Зарайск, пл. Ленина, 93','2019-06-23 09:16:02',0),
(98,22,'Москва','716348, Смоленская область, город Луховицы, бульвар Космонавтов, 21','2023-02-02 00:37:23',0),
(99,25,'Клин','170336, Нижегородская область, город Лотошино, шоссе Сталина, 80','2015-05-04 18:41:06',0),
(100,27,'Видное','322559, Белгородская область, город Дорохово, въезд Бухарестская, 72','2012-05-12 12:00:45',0),
(101,28,'Кашира','679961, Челябинская область, город Видное, проезд Домодедовская, 86','2012-12-09 13:48:38',1),
(102,30,'Луховицы','909975, Тверская область, город Чехов, проезд Ленина, 53','2014-11-09 07:40:48',0),
(103,31,'Серпухов','352685, Челябинская область, город Балашиха, въезд Бухарестская, 80','2016-01-14 14:55:02',0),
(104,3,'Орехово-Зуево','515046, Ростовская область, город Талдом, пл. Чехова, 56','2011-02-03 01:06:01',1),
(105,4,'Кашира','400044, Владимирская область, город Можайск, въезд Славы, 67','2008-09-29 09:31:48',1),
(106,6,'Солнечногорск','791107, Псковская область, город Солнечногорск, спуск Чехова, 93','2011-10-22 22:23:08',1),
(107,10,'Кашира','477100, Владимирская область, город Подольск, пл. Бухарестская, 40','2023-05-22 05:54:25',1),
(108,12,'Подольск','669343, Нижегородская область, город Егорьевск, бульвар Ленина, 36','2018-12-25 13:39:40',0),
(109,19,'Ногинск','241924, Томская область, город Кашира, спуск Космонавтов, 99','2020-12-27 17:34:56',0),
(110,20,'Люберцы','461191, Костромская область, город Видное, шоссе Сталина, 92','2019-09-23 07:59:30',1),
(111,26,'Клин','539454, Нижегородская область, город Шатура, ул. Сталина, 42','2008-10-01 15:14:01',0),
(112,31,'Ногинск','760148, Липецкая область, город Одинцово, пл. Чехова, 84','2014-12-01 11:45:12',0),
(113,2,'Лотошино','507494, Липецкая область, город Чехов, пер. Космонавтов, 72','2010-05-30 07:27:55',0),
(114,5,'Подольск','952490, Амурская область, город Серпухов, спуск Чехова, 80','2008-01-18 23:47:15',1),
(115,6,'Ступино','681031, Новгородская область, город Талдом, бульвар Домодедовская, 39','2014-10-12 00:52:25',0),
(116,9,'Истра','853157, Московская область, город Балашиха, спуск Балканская, 50','2008-05-01 15:40:26',0),
(117,15,'Шатура','092434, Костромская область, город Домодедово, шоссе Гагарина, 89','2010-02-17 21:41:00',0),
(118,16,'Балашиха','185415, Нижегородская область, город Щёлково, пер. Космонавтов, 38','2007-07-20 08:57:49',0),
(119,20,'Озёры','363688, Волгоградская область, город Ступино, шоссе Будапештсткая, 04','2023-02-26 10:37:02',0),
(120,22,'Балашиха','705779, Смоленская область, город Пушкино, спуск Домодедовская, 99','2013-02-08 13:04:34',0),
(121,27,'Щёлково','592265, Курская область, город Серебряные Пруды, спуск Космонавтов, 11','2019-10-29 15:47:44',0),
(122,31,'Талдом','014415, Пензенская область, город Можайск, шоссе Сталина, 55','2021-08-19 10:17:53',1),
(123,32,'Егорьевск','597702, Калужская область, город Ступино, въезд Будапештсткая, 49','2016-02-12 09:01:24',1),
(124,1,'Истра','780464, Пензенская область, город Балашиха, проезд Космонавтов, 92','2017-11-09 14:22:47',0),
(125,6,'Коломна','890736, Тульская область, город Клин, шоссе Чехова, 22','2020-12-08 13:04:35',1),
(126,15,'Чехов','377159, Ярославская область, город Раменское, бульвар Ленина, 65','2012-03-01 15:50:49',0),
(127,20,'Талдом','976121, Астраханская область, город Щёлково, пер. Домодедовская, 35','2013-06-06 16:32:21',0),
(128,25,'Сергиев Посад','147275, Ульяновская область, город Серебряные Пруды, пер. Ломоносова, 94','2017-06-08 21:58:29',0),
(129,26,'Талдом','856221, Сахалинская область, город Ногинск, пер. Косиора, 45','2014-09-15 15:02:51',0),
(130,27,'Орехово-Зуево','882482, Липецкая область, город Пушкино, спуск Ломоносова, 45','2020-01-27 17:09:28',0),
(131,33,'Чехов','715245, Амурская область, город Лотошино, пр. Сталина, 94','2023-09-19 00:17:13',1),
(132,7,'Ступино','246525, Рязанская область, город Серпухов, бульвар Космонавтов, 59','2009-07-01 04:39:49',0),
(133,10,'Можайск','725114, Псковская область, город Солнечногорск, въезд Ленина, 17','2012-04-27 22:41:22',0),
(134,11,'Балашиха','632499, Орловская область, город Зарайск, проезд Косиора, 83','2021-09-14 05:35:29',1),
(135,12,'Мытищи','762014, Тульская область, город Воскресенск, наб. Сталина, 69','2012-05-01 00:29:31',0),
(136,14,'Истра','156145, Астраханская область, город Коломна, пл. Будапештсткая, 52','2021-05-24 12:44:44',1),
(137,16,'Люберцы','994474, Московская область, город Лотошино, бульвар Гоголя, 75','2011-07-18 22:45:20',1),
(138,18,'Клин','321672, Ленинградская область, город Пушкино, спуск Балканская, 85','2021-03-04 16:50:09',1),
(139,22,'Воскресенск','962059, Смоленская область, город Балашиха, спуск Гагарина, 42','2010-07-26 08:02:31',1),
(140,28,'Подольск','559007, Московская область, город Серпухов, пл. Сталина, 75','2011-12-03 20:28:05',1),
(141,2,'Кашира','439478, Читинская область, город Пушкино, ул. 1905 года, 53','2010-03-13 04:15:59',0),
(142,4,'Зарайск','313685, Калужская область, город Шаховская, шоссе Будапештсткая, 15','2014-10-08 23:44:24',0),
(143,7,'Луховицы','278727, Архангельская область, город Шатура, въезд Будапештсткая, 81','2013-09-21 14:41:43',1),
(144,8,'Дмитров','117641, Магаданская область, город Наро-Фоминск, бульвар Космонавтов, 86','2014-11-08 11:45:37',0),
(145,9,'Дорохово','770356, Волгоградская область, город Серпухов, пр. Чехова, 90','2010-12-31 20:16:59',1),
(146,17,'Зарайск','171987, Магаданская область, город Чехов, въезд Космонавтов, 86','2008-06-13 08:21:12',1),
(147,20,'Домодедово','020808, Ульяновская область, город Чехов, проезд Бухарестская, 28','2022-06-13 04:35:56',1),
(148,28,'Лотошино','825442, Тверская область, город Дмитров, спуск Домодедовская, 24','2017-06-11 03:59:42',1),
(149,3,'Можайск','705916, Новосибирская область, город Серебряные Пруды, бульвар Ломоносова, 34','2019-05-18 01:33:51',1),
(150,6,'Кашира','931755, Амурская область, город Раменское, пл. Ломоносова, 58','2023-08-27 12:28:30',1),
(151,7,'Пушкино','907906, Сахалинская область, город Дорохово, пр. Ленина, 03','2019-01-09 12:15:51',1),
(152,9,'Ногинск','542882, Нижегородская область, город Клин, пр. Сталина, 27','2014-07-11 20:24:25',0),
(153,11,'Серебряные Пруды','725172, Омская область, город Озёры, шоссе Сталина, 71','2021-10-25 10:00:15',1),
(154,12,'Солнечногорск','858001, Курская область, город Ногинск, ул. Сталина, 21','2017-11-19 16:07:37',0),
(155,13,'Пушкино','267218, Сахалинская область, город Талдом, спуск Космонавтов, 39','2014-11-26 01:44:21',1),
(156,16,'Талдом','734368, Ленинградская область, город Москва, въезд Бухарестская, 35','2018-06-04 21:35:18',0),
(157,20,'Егорьевск','377436, Свердловская область, город Домодедово, проезд Будапештсткая, 30','2022-05-24 23:35:44',0);

INSERT INTO `orders` VALUES
(301,1,1,51,1814.02,'2022-05-15 09:26:05'),
(302,2,2,52,1255.34,'2013-01-12 20:07:50'),
(303,4,4,54,7926.80,'2008-01-19 16:42:16'),
(304,11,11,61,5193.18,'2024-02-28 07:21:48'),
(305,14,14,64,8349.71,'2021-03-07 07:44:40'),
(306,18,18,68,3338.22,'2011-03-11 04:37:52'),
(307,20,20,70,1346.81,'2017-06-17 10:23:56'),
(308,24,24,74,8211.34,'2024-07-05 13:14:31'),
(309,25,25,75,3454.20,'2012-05-02 15:28:52'),
(310,26,26,76,8025.40,'2011-01-29 02:00:55'),
(311,30,30,80,5460.60,'2011-01-01 17:07:25'),
(312,33,33,83,3436.93,'2023-08-18 11:08:01'),
(313,4,37,87,1637.32,'2007-11-14 18:13:08'),
(314,5,38,88,2176.97,'2020-03-13 15:23:20'),
(315,8,41,91,1636.56,'2012-01-04 22:12:52'),
(316,10,43,93,6677.26,'2012-11-02 08:32:47'),
(317,13,46,96,8639.92,'2023-04-02 16:45:16'),
(318,16,49,99,7484.82,'2016-02-06 00:33:12'),
(319,21,54,104,2143.20,'2008-03-22 19:45:20'),
(320,26,59,109,5965.16,'2013-05-28 12:50:21'),
(321,30,63,113,9258.61,'2007-10-05 00:16:56'),
(322,31,64,114,1903.00,'2014-11-29 23:11:34'),
(323,2,68,118,8280.35,'2009-11-15 11:37:34'),
(324,8,74,124,3554.00,'2008-06-10 18:44:25'),
(325,13,79,129,6545.31,'2010-09-13 10:10:40'),
(326,17,83,133,7719.42,'2016-03-16 00:46:12'),
(327,21,87,137,9543.88,'2010-05-15 20:10:32'),
(328,24,90,140,2096.00,'2024-01-12 12:50:03'),
(329,25,91,141,6301.70,'2009-01-17 01:33:50'),
(330,28,94,144,545.73,'2016-12-23 19:22:00'),
(331,33,99,149,5552.00,'2021-07-02 09:35:06'),
(332,5,104,154,3428.00,'2013-05-02 22:42:24'),
(335,14,9,56,9791.48,'2009-05-19 22:02:43'),
(336,15,10,57,2585.33,'2021-09-03 22:54:16'),
(337,17,12,59,3616.64,'2015-11-06 21:43:32'),
(338,18,13,60,8813.93,'2010-09-09 06:27:21'),
(341,24,19,66,4153.70,'2021-03-25 16:31:44'),
(343,27,22,69,5171.96,'2019-11-28 23:47:24'),
(347,6,34,81,5600.50,'2008-11-29 06:52:31'),
(348,7,35,82,4275.90,'2008-10-27 02:17:26'),
(351,19,47,94,7914.01,'2009-01-04 17:17:29'),
(352,23,51,98,7353.72,'2021-12-15 17:10:42'),
(354,27,55,102,2369.76,'2009-01-07 04:54:17'),
(355,33,61,108,871.70,'2013-11-23 07:03:39'),
(357,9,70,117,6074.65,'2024-08-01 03:41:51'),
(359,12,73,120,1515.23,'2016-12-13 23:53:19'),
(361,14,75,122,553.27,'2008-09-23 01:45:01'),
(362,15,76,123,2813.30,'2011-05-11 18:18:06'),
(364,20,81,128,279.00,'2013-11-04 20:54:07'),
(368,4,98,145,764.27,'2021-03-01 11:59:56'),
(370,9,103,150,7342.95,'2024-02-04 20:50:13'),
(375,15,5,156,8024.57,'2014-11-28 16:50:13'),
(383,4,27,71,9296.65,'2010-09-16 14:25:50'),
(384,6,29,73,9246.81,'2011-08-23 13:00:50'),
(386,17,40,84,175.55,'2019-04-08 18:47:05'),
(387,19,42,86,6756.16,'2010-10-21 01:31:56'),
(390,30,53,97,5052.95,'2008-04-16 15:21:04'),
(392,33,56,100,2401.74,'2013-08-28 18:40:34'),
(393,1,57,101,432.40,'2009-03-02 21:30:01'),
(397,10,66,110,7392.00,'2016-09-25 19:44:20'),
(398,11,67,111,2944.60,'2009-04-11 18:45:07'),
(400,15,71,115,4142.09,'2017-07-20 11:43:23'),
(403,30,86,130,3729.35,'2022-06-12 10:49:15'),
(404,32,88,132,7887.02,'2011-04-05 22:34:21'),
(412,18,3,151,6276.46,'2010-04-13 03:06:17'),
(426,30,48,89,1511.29,'2013-04-02 18:29:21'),
(430,11,62,103,9367.10,'2011-09-30 03:17:27'),
(432,14,65,106,1092.43,'2008-09-23 17:56:09'),
(441,11,95,136,442.13,'2008-08-20 21:12:45'),
(443,13,97,138,5833.90,'2014-11-28 21:01:35'),
(449,27,7,152,6878.30,'2012-11-11 10:21:40'),
(481,7,15,157,3932.74,'2024-06-01 00:53:15'),
(491,9,50,85,6081.10,'2015-05-30 13:03:33'),
(503,3,77,112,6946.50,'2023-05-05 17:42:22'),
(505,10,84,119,961.50,'2013-05-06 19:21:06'),
(511,26,100,135,2017.93,'2017-05-01 13:23:26'),
(522,28,31,63,1059.84,'2022-10-08 17:04:14'),
(525,9,45,77,2406.20,'2023-01-04 08:36:36'),
(544,24,93,125,3615.25,'2022-02-04 18:16:12'),
(545,8,6,142,1457.00,'2020-03-24 18:37:00'),
(584,5,102,131,5673.53,'2008-03-06 22:57:14'),
(594,13,39,65,1325.85,'2009-12-13 20:54:25'),
(619,9,101,127,130.11,'2018-08-26 00:45:59'),
(741,18,72,95,517.56,'2008-05-07 22:46:18'),
(757,5,21,148,3660.50,'2024-03-07 04:15:33'),
(759,12,28,155,4751.32,'2012-09-28 20:48:49'),
(768,3,52,72,8023.80,'2015-02-05 10:19:12'),
(782,14,96,116,3021.60,'2015-09-08 05:58:19'),
(829,5,44,58,623.13,'2010-08-03 09:04:34'),
(850,7,8,126,2071.05,'2019-09-22 04:49:07');
UPDATE orders SET total_price = 0;

INSERT INTO `catalog` VALUES
(2,'Бытовая техника'),
(3,'Компьютеры и периферия'),
(1,'Электроника');

INSERT INTO `sections` VALUES
(1,1,'Телевидение и видео'),
(2,2,'Крупногабаритная техника'),
(3,3,'Ноутбуки, компьютеры, мониторы'),
(4,1,'Мобильные телефоны и аксессуары'),
(5,2,'Встраиваемая техника'),
(6,3,'Комплектующие'),
(7,1,'Аудиотехника'),
(8,2,'Уборка'),
(9,3,'Техника для печати и дизайна');

INSERT INTO `categories` VALUES
(1,1,'Телевизоры'),
(2,2,'Холодильники'),
(3,3,'Ноутбуки'),
(4,4,'Мобильные телефоны'),
(5,5,'Варочные панели'),
(6,6,'Видеокарты'),
(7,7,'Наушники и гарнитуры'),
(8,8,'Пылесосы'),
(9,9,'Принтеры и МФУ'),
(10,1,'Проекторы'),
(11,2,'Стиральные машины'),
(12,3,'Компьютеры'),
(13,4,'Чехлы для телефонов'),
(14,5,'Духовые шкафы'),
(15,6,'Процессоры'),
(16,7,'Микрофоны'),
(17,8,'Швабры, мопы и другой хозяйственный инвентарь'),
(18,9,'Графические планшеты'),
(19,1,'Медиаплееры и ТВ-приставки'),
(20,2,'Кухонные плиты'),
(21,3,'Мониторы'),
(22,4,'Защитные стекла и пленки'),
(23,5,'Аксессуары для крупной бытовой и встраиваемой техники'),
(24,6,'Материнские платы'),
(25,7,'Музыкальные центры и магнитолы'),
(26,8,'Электровеники, подметальные машины'),
(27,9,'Бумага и материалы для печати');

INSERT INTO `products` VALUES
(1001,1,'akzik 66287','Nulla voluptatibus animi corrupti nemo. Omnis eligendi dicta doloribus eius. Voluptates est neque sit repellat est maxime tempore.','0228202015923',2744.22,5),
(1002,2,'yjxor 51470','Eum dolores nemo est repellendus. Unde dicta molestias tempore facere. Suscipit est sunt ad sit. In eveniet adipisci consectetur.','4173078708386',3360.40,1),
(1003,3,'zajoh 45514','Sed quod nostrum rerum ea voluptas natus. Porro ut quasi quis vel est consequatur. Consectetur a minima minus beatae neque accusantium perferendis.','1259409742236',4315.98,9),
(1004,4,'ekzya 82845','Eveniet rerum nesciunt autem dicta pariatur doloribus facere. Rerum consequatur esse est nesciunt praesentium ducimus nam distinctio. Voluptatem velit molestiae est beatae. Enim voluptatem esse et aut.','8700545692570',3702.60,1),
(1005,5,'qcctc 95841','Ut natus maxime excepturi. Nobis autem facere rerum odio consequatur fugiat. Magnam modi quisquam porro amet eveniet.','2297042568935',2745.72,5),
(1006,6,'xmwkp 57490','Voluptatem numquam eligendi sunt quam odio ut iure. Totam et iusto facilis delectus asperiores illum. Maiores hic eos itaque dolore minus et placeat. Rem voluptate eveniet ratione.','6759954187605',4390.77,4),
(1007,7,'qmcjl 97216','Consequuntur vel iste dolores maiores. Eius sed numquam id blanditiis repudiandae voluptas dolores. Fugiat reprehenderit quae sint velit cupiditate cum. Doloribus repellendus ab enim modi nemo quia consequatur sint.','7402480495797',4269.85,8),
(1008,8,'dzpzk 11536','Consequuntur saepe omnis accusamus aspernatur sed molestias ratione reiciendis. Repudiandae repudiandae nostrum necessitatibus nihil id reiciendis non. Similique quo occaecati esse. Nulla ea magnam aliquid consequatur aut.','4517285750378',2722.44,8),
(1009,9,'ekzml 15777','Officia nihil laudantium sit. Architecto reiciendis velit explicabo ullam laudantium in. Neque est nostrum nihil alias quaerat. Commodi temporibus labore dolore nihil pariatur quis enim et.','8436733010023',4671.34,9),
(1010,10,'uueug 07580','Velit iusto odit ducimus dolores. Qui impedit et asperiores ex. Eaque praesentium repellendus non placeat quidem ut omnis. Fuga dolore alias voluptas repellat sunt voluptatum.','0441812590103',1383.10,2),
(1011,11,'ilxjh 36056','Iste dolorem debitis ratione expedita adipisci est. Omnis in et ut neque. Vitae sunt voluptatem non modi sed nemo. Doloremque non autem dolor at ipsam.','4097371660977',1737.46,1),
(1012,12,'dmeax 17302','Aut quo nobis aut facere. Dolores accusantium sequi ratione qui esse harum. Est molestiae voluptas quo ut ducimus natus.','1382645657009',2996.20,5),
(1013,13,'offng 80808','Ipsa molestiae eum quia qui. Hic enim omnis minima provident quia minus. Aut magni excepturi eaque consectetur molestias placeat.','5966900368204',2748.00,5),
(1014,14,'ecqxi 79937','Quia est assumenda cupiditate ratione doloribus vero. Enim veniam sit et quidem accusamus consequuntur. Velit quia praesentium numquam occaecati.','3474395916487',173.50,5),
(1015,15,'mswqn 83938','Et enim beatae consequuntur pariatur nobis deleniti unde. Nam vero quod dolorem sequi ipsam rerum tempora. Dolores autem non non dolores consectetur.','3000932846483',2011.97,3),
(1016,16,'pwijf 96616','Consequatur cumque quidem quis est doloremque ut ipsam placeat. Qui mollitia et reiciendis et repellat et. Est praesentium tempora odio tempora. Fuga in molestiae id optio.','4731392198407',3342.88,5),
(1017,17,'ndbcr 11286','Facilis vero eos nostrum. Aperiam vitae ut quis hic iusto exercitationem accusamus esse. Rerum dignissimos nemo voluptatibus cupiditate dolor. Soluta dignissimos delectus quia temporibus iste.','5240310387629',3431.48,6),
(1018,18,'quyyd 75804','Et consectetur eos repellendus non maxime. Corporis iure incidunt repellendus placeat quisquam. Voluptas ab sit aut. Placeat quos vel eligendi est incidunt. Commodi ea sit est.','6998881409538',2852.52,5),
(1019,19,'nppxp 55995','Magni dolore minima laudantium amet inventore ipsum et. Id ratione enim vero et exercitationem accusamus. Omnis sit non incidunt unde porro maiores voluptate. Esse et iusto repellat officiis. Est nam molestias nostrum aliquid est.','6215948780684',492.35,9),
(1020,20,'myipz 33564','In officiis omnis et enim. Eum et cumque qui recusandae ut ut est. Omnis et ut deserunt sunt ratione sunt. Minus est et natus vel eius enim sint.','8119268597558',1228.50,4),
(1021,21,'pttuk 80644','Similique nihil velit aperiam est architecto quos. Sequi autem rerum tempora. Nobis id sequi minima consequuntur dolores assumenda provident.','1188299611462',1388.56,8),
(1022,22,'tbsbq 06883','Fuga tempore eos quia veritatis aut expedita. Et non inventore quia et molestiae ex. Reiciendis cupiditate sit ipsa.','6859739611209',1621.40,8),
(1023,23,'xwcxl 96013','Nostrum asperiores quis officia suscipit. Esse consectetur qui atque consequatur est. Delectus repellendus consequatur consequatur sapiente.','1058088206554',465.89,5),
(1024,24,'ewwsl 64646','Omnis nihil sint et natus accusamus quaerat magni. Consequatur praesentium saepe nesciunt quia. Reiciendis autem aut impedit hic. Quibusdam aspernatur qui laboriosam. Ducimus quod sapiente sit quidem optio quia molestiae.','2999580065821',2422.81,8),
(1025,25,'olmcl 55812','Quidem aut excepturi dolores minus rerum repudiandae non. Modi aspernatur omnis aut omnis totam voluptatem blanditiis eaque. Ex perferendis voluptatem veritatis est quis sed sit. Dolorem explicabo voluptatum non aut.','3283672163588',865.00,4),
(1026,26,'kjtui 60803','Quo odit voluptas corporis rerum ipsa dolorem sunt. Non maxime ut sunt qui et consequatur. Non qui perferendis vero eum ad quos eos.','2382566292234',4224.75,3),
(1027,27,'alftg 11051','Accusamus et labore necessitatibus sit mollitia officia praesentium qui. Consequatur ut odio odit ullam velit unde ad. Quidem enim et pariatur voluptate unde. At magni numquam sint sed ipsam.','4456485356945',3829.10,5),
(1034,1,'wsvtr 95903','Delectus at iure ipsam quae provident quo. Consequuntur perferendis ex nobis repellendus. Repellendus nulla quia laboriosam modi modi et vitae.','2624271607522',1438.09,2),
(1035,2,'xvoaq 99520','Et autem sed necessitatibus temporibus quo dicta. Et rerum porro magnam molestiae quibusdam eos. Eos maxime omnis soluta porro velit aperiam magni delectus.','7630901888556',1498.92,6),
(1036,3,'bhfqp 21962','Sunt perspiciatis aut veritatis incidunt consequuntur ab. In neque enim provident dolore quod corrupti architecto. Ipsum illum asperiores temporibus aut cum commodi labore. Vel et voluptatem et dolores placeat.','7992445049443',3875.31,0),
(1037,4,'htcyo 44576','Debitis consectetur ut totam sapiente iure. Autem autem provident dolor aspernatur voluptas odio. Assumenda dolor accusamus in fugit ut. Ex odit eius aliquam consequatur.','9909403551731',4342.99,1),
(1038,5,'mocth 01090','Et cum quas cum accusamus. Maxime nulla in ullam necessitatibus possimus alias est. Voluptatem veniam enim in expedita voluptate recusandae doloribus.','4887233194845',2535.00,3),
(1039,6,'xqiig 78789','Quas reprehenderit nisi modi doloribus ut eaque incidunt. In minus quia voluptas qui et in et. Quis sed et a voluptatem.','2379298372860',2172.76,4),
(1040,7,'qkcwm 34478','Alias amet a aut et fugit nam. Consequatur impedit iure deserunt pariatur omnis harum. Error deserunt aut corporis corporis voluptates eligendi et.','2312430692525',235.96,8),
(1041,8,'wjdnf 00936','Alias recusandae voluptatem unde est nihil. Nesciunt et distinctio debitis est.','6563994934903',2660.50,6),
(1042,9,'utgmf 57866','Vel voluptas tenetur quas nam. Ut assumenda iusto delectus iusto. Vero perferendis repellat culpa necessitatibus officia. Magni maxime qui magnam quia.','9318106804431',1017.27,8),
(1043,10,'okwbq 75903','Non dolor voluptatem qui quibusdam. Harum alias quidem aut maxime ipsa dolore omnis. Voluptatibus facere numquam adipisci eligendi et. Eum placeat ipsa cupiditate explicabo.','4197777749709',1588.36,3),
(1044,11,'hpxam 12424','Et veniam corrupti laboriosam quis repellendus vitae. Molestiae tempore natus sit praesentium at nam.','7701930509986',53.46,6),
(1045,12,'dluri 74503','Repellat facilis reiciendis voluptatem et. Vel fugiat sed repellat sed aut libero temporibus.','2824030775435',1897.04,9),
(1046,13,'ogygp 39601','Eos amet voluptatem voluptatem iure. Perspiciatis laudantium assumenda illo qui. Dolorem repudiandae quidem ut aliquid. Minus autem aspernatur sed. Voluptatem consequatur et molestiae cum necessitatibus earum assumenda.','7564169564757',3192.24,9),
(1047,14,'gguhf 73815','Deleniti facere tenetur iste perferendis deserunt quia magnam. Eum ullam incidunt tempora velit. Numquam odio corrupti amet eum occaecati et rerum.','2455202180568',3933.65,0),
(1048,15,'zexys 47059','Omnis enim molestiae quas dolores. Dicta quia laudantium cum expedita aspernatur voluptatem velit libero. Nobis beatae sunt modi maiores illo nisi recusandae. Ratione enim eos occaecati quasi alias pariatur blanditiis.','1809248275428',30.61,1),
(1049,16,'svlsr 04113','Repellendus dignissimos eius aspernatur assumenda quos. Blanditiis praesentium et eveniet est. Magni est neque est tempore excepturi sint.','0827843264211',3140.37,5),
(1050,17,'gppwz 61611','Deserunt assumenda ea ad fugiat dolorem sit perspiciatis deleniti. Nemo a expedita aut qui voluptatibus explicabo et. Fugit in reprehenderit sed aut quis assumenda eaque. Officia eveniet nesciunt est excepturi ex quasi recusandae quis.','5581726046435',3241.18,1),
(1051,18,'utssp 97455','Minus quod aut ipsa repudiandae aut mollitia. Nemo et quibusdam autem occaecati autem ab hic animi. Ratione sit ad libero sit ut.','3495662356638',2971.56,8),
(1052,19,'omwev 88586','Omnis et quae eveniet ut consectetur voluptatibus. Tempora voluptatem voluptate quam occaecati autem.','1691592662401',473.20,1),
(1053,20,'kjyfa 46949','Quia architecto saepe soluta doloremque ut. Est qui rerum odio alias id accusantium omnis. Ut blanditiis quia doloribus repudiandae.','9868374718942',4439.58,8),
(1054,21,'huoxm 54498','Molestiae optio amet natus et. Vitae animi ut eos modi aut autem numquam. Omnis non id est provident.','6145236961252',4840.22,9),
(1055,22,'doerb 00218','Corrupti excepturi pariatur molestiae nisi quia repellendus neque et. Laudantium et corporis ipsa quia eligendi. Rerum et nemo sed quibusdam.','8918219811060',4574.14,6),
(1056,23,'xsteh 37853','Ut quis dolor tempore nisi quam. Minus non sit ratione maiores.','6015453424284',3997.63,3),
(1057,24,'onlij 37775','Aut magnam dolorem aut quae blanditiis sed. Voluptatem iure sed ipsa velit dolore. Minus earum suscipit impedit necessitatibus ex commodi accusamus quibusdam. At quo numquam deleniti praesentium voluptatem ut quia.','7648079086537',2849.64,6),
(1058,25,'xltsg 27896','Dignissimos officia quas similique esse. Quam exercitationem sed distinctio esse tempore debitis. Vel maiores impedit repellat. Laborum dolor facere aut aut aut minus iure. Vel iure facilis adipisci sed.','2126613022920',1806.52,7),
(1059,26,'wwkqp 59656','Dolor ratione facere dolorem et ducimus. Est occaecati ea et sed facilis occaecati. Ut magnam et consequatur quia. Ducimus ut excepturi ratione est. Sunt maxime et reprehenderit ea.','3010790811530',4917.16,2),
(1060,27,'bvsee 14858','Blanditiis ut qui molestiae molestiae nostrum. A vel explicabo et rerum quam dolores perspiciatis. Quidem assumenda est quos quasi eos. Dignissimos sequi delectus omnis ea vel aut.','3364851693178',2483.49,8),
(1067,1,'eajsn 49155','Odit saepe est maxime consequuntur ut aliquid autem eligendi. Omnis et et dolor vitae. Dolore eum blanditiis rem iure occaecati. Qui labore voluptatem debitis est sunt debitis impedit.','3394754099746',7.15,8),
(1068,2,'qkpdm 18680','Molestias iste ut voluptatem. Ea exercitationem reiciendis quia quo et. Inventore voluptatem nobis aut quaerat sed dignissimos. Provident autem dignissimos earum minus. Nobis quae tempora vel dolor libero aliquid quo.','8790660549729',1739.05,9),
(1069,3,'ozgot 71076','Quibusdam debitis enim expedita repellendus. Autem dolores distinctio pariatur facilis eveniet. Sunt quaerat et alias animi reprehenderit aperiam impedit. Explicabo vel ut saepe ipsa alias fuga.','7600373939933',4144.78,5),
(1070,4,'meyyx 73773','Voluptatem illo officia qui. Nemo magnam quibusdam inventore facilis quibusdam consequatur ad. Quibusdam aliquid voluptas asperiores in molestias. Consequatur ipsa autem et odit nisi.','2851330606527',3748.76,5),
(1071,5,'mqvoa 04110','Deleniti qui esse nobis cum nostrum. Est consequatur sunt sit autem. Non quia nemo qui totam temporibus officiis. Blanditiis provident et quasi labore fuga quasi.','4064692562396',2459.27,6),
(1072,6,'oxtnc 73819','Quos ex culpa ut suscipit qui repudiandae perferendis. Laborum assumenda quos incidunt sit omnis. Laboriosam consequatur repellat consequuntur quia. Numquam quos soluta et dolorum.','2797917541532',762.84,8),
(1073,7,'vdcrp 81408','Fugiat repudiandae ipsam sint vero molestiae quia velit ea. Assumenda praesentium voluptatem inventore quia alias deserunt ducimus. Sequi ad nesciunt rem est odit ad. Rem eum nulla ea eos molestiae eius unde.','5795123750264',495.80,8),
(1074,8,'mctfi 35762','Ut eos autem sed sit voluptatem. Non molestiae aut ab quod mollitia. Sapiente aut ea sed repellat. Deserunt reiciendis veniam dolorem quibusdam non.','9096242890906',4781.91,9),
(1075,9,'cqhiv 76212','Ut voluptates qui eligendi qui enim eum a. Repudiandae earum quisquam odio molestias. Et odit qui ut eveniet. Quasi possimus qui corrupti inventore.','6217720230387',344.00,3),
(1076,10,'yeiyc 76861','Quia rerum iure sed pariatur voluptatem corrupti totam. Distinctio modi et porro voluptate. Corrupti harum quisquam et saepe molestiae autem. Quasi aspernatur consectetur consequatur temporibus animi.','3488884369432',1350.85,6),
(1077,11,'mvnwq 80713','Quos provident consequuntur porro beatae beatae. Architecto quis molestiae iusto laudantium adipisci explicabo sed accusantium. Placeat aut laboriosam ut. Sit architecto saepe quasi et.','6850635976171',19.66,9),
(1078,12,'vjfmy 76423','Tempora quia ratione provident neque. Quia suscipit repellendus cum dolor accusamus debitis. Quaerat quisquam qui perspiciatis qui nesciunt atque blanditiis.','1804776720563',2939.10,2),
(1079,13,'zvtvn 82743','Debitis nihil ut soluta impedit. Sapiente et earum qui alias nihil. Ut non voluptatem ut. Consequatur consequatur ut consequatur rerum praesentium iusto odit. Omnis hic ipsum et laudantium voluptatem.','5475861334956',1920.75,2),
(1080,14,'whkvn 50708','Esse et quasi ducimus sunt labore explicabo itaque. Sed consequatur soluta quae iure. Deleniti sed quod veritatis beatae illum est.','0700262207390',564.64,1),
(1081,15,'htmdj 87337','Sit sint sint quaerat deserunt dolorem ut. Fuga ducimus eius saepe corporis vero molestiae. Esse voluptatem laboriosam recusandae velit consectetur eum soluta ut. Velit quia odio deserunt tempora.','2819270822001',2367.12,6),
(1082,16,'gzmxm 66008','Quia dolores ullam sit velit consectetur inventore quo. Tenetur explicabo officia unde magnam. Velit rerum molestiae suscipit.','4578003878613',3164.98,8),
(1083,17,'cincn 67726','Rerum sit dolor optio enim cumque libero. Aut et at assumenda est neque omnis consectetur voluptatem. Molestiae quis qui blanditiis natus quia. Ullam et quos vel explicabo deleniti sit.','7535689783973',3641.85,2),
(1084,18,'mfgyd 70411','Dolorem illo accusamus dolor alias eos ut. Et et ad ut quas reiciendis dignissimos tenetur. Error nesciunt quidem nihil deserunt omnis omnis. Molestiae reprehenderit quisquam aspernatur totam quis atque fuga.','2665217636916',4358.00,2),
(1085,19,'unukj 69415','Et vitae ut assumenda consectetur perferendis. Veniam voluptas natus corporis et sit cum iusto. Dolorem placeat aut eum sequi et molestias deleniti.','1494210469327',957.43,8),
(1086,20,'kiaeg 30654','Ipsa quis iure officiis saepe. Temporibus a recusandae mollitia delectus. Accusamus dolor praesentium id ut beatae.','9975189694092',4434.17,9),
(1087,21,'vayur 78855','Sit culpa dolorem et. Quibusdam officia modi alias voluptatem nostrum nostrum. Dolores quis ullam omnis adipisci deleniti reiciendis. Cupiditate consequatur cupiditate officia sed.','9921678644932',1135.13,3),
(1088,22,'zrsun 58293','Laborum delectus eius blanditiis aut quis. Quibusdam saepe placeat ut voluptates et. Ipsa ducimus praesentium in quaerat. Consequatur voluptatum quas dicta distinctio dolores eum. Qui sed quod eveniet ratione vel.','2650798661983',824.47,6),
(1089,23,'iidxa 64268','Impedit voluptates ut est quam. Necessitatibus sapiente eum optio et. Magnam repellendus animi ipsa dolorem qui vel vel provident. Velit consequatur deserunt velit blanditiis natus veniam.','4391835846281',3898.70,8),
(1090,24,'ewstb 07225','Nostrum animi dolorem harum dolores. Quo cupiditate sapiente dolorem. Voluptatum id aut atque sit et delectus ut nobis.','2014962998761',3104.27,5),
(1091,25,'qkgkr 34141','Quo quia vitae rerum blanditiis. Qui voluptatibus asperiores ducimus pariatur quas dolores eaque. Excepturi aut velit alias qui perferendis. Magnam laboriosam corporis consequuntur quis. Aliquid alias enim voluptatibus in ut libero modi quae.','9496667112919',2935.81,1),
(1092,26,'ynrat 43536','Velit fugit laborum eius voluptatem porro vel rerum. Nesciunt est odit laboriosam est.','2856465866174',809.44,4),
(1093,27,'zhbsa 34621','Quo reiciendis enim sint quam rerum facere suscipit consequatur. Dolorem earum repudiandae officia ut cupiditate in natus. Autem aspernatur voluptatibus tempora temporibus in.','1304190446204',2893.20,6),
(1100,1,'yeixj 70279','Autem soluta placeat aspernatur officiis blanditiis. Possimus et aut qui ut perspiciatis vitae adipisci. Dolor facilis tenetur distinctio alias atque repellat. Nemo quod necessitatibus laborum asperiores molestiae ipsum ad.','4827545633359',2085.78,9),
(1101,2,'obogv 45968','Omnis voluptatem illo dicta nobis laboriosam at. Aut et rem qui aliquam dicta qui. Magnam illum et nostrum quis.','5989807499192',4514.38,6),
(1102,3,'ptuoj 87374','Consequatur quisquam recusandae facere quaerat. Sit dicta ullam qui est tempora accusamus. Officiis ea qui dolore. Quibusdam et dolore laboriosam necessitatibus rerum enim.','6085603021021',4757.74,1),
(1103,4,'sopcj 53352','Doloremque reiciendis in et natus dolore molestiae et. Earum et tempora beatae voluptatibus. Enim atque et perspiciatis ut quis unde odit aperiam. Est vero in aperiam vitae aliquid quasi qui.','2400464742795',798.43,7),
(1104,5,'kncth 20016','Aut est maxime saepe et quibusdam non. Soluta corporis aperiam quia nulla. Sequi distinctio reiciendis maiores ut nobis incidunt. Itaque est excepturi unde voluptas eaque nulla.','3767053214569',3042.64,3),
(1105,6,'xklig 18991','Dolore similique qui sunt ea. Maiores facilis tempore unde sequi repudiandae. Eum consectetur soluta possimus similique placeat facere. Est id aut aliquid inventore modi.','4487452405236',1275.02,4),
(1106,7,'tfjfo 43793','Nisi illo velit qui nihil eligendi soluta. Est repellat aut maxime et vero animi unde. Dolorum delectus ut aperiam aut dicta sit.','7900420549260',1142.00,3),
(1107,8,'fuegv 25408','Nostrum nam sapiente quasi dolores. Odio aliquid et aliquid sed totam. Rerum cumque aut et tenetur quod.','0415920662786',4643.94,4),
(1108,9,'hagtr 32785','Quo ut et iure. Voluptatem vero ipsa atque ut repellendus voluptatum. Omnis nobis dolorem dolor dolor et. Ad voluptas ex ad totam quibusdam saepe placeat.','7402496509242',989.96,6),
(1109,10,'regiy 86124','Omnis veniam sit voluptatem qui asperiores. Consequuntur est dolorem optio veritatis. Dicta sed cupiditate in a qui voluptatem deserunt. Dolor magni eos aut.','2545075454344',3678.42,4),
(1110,11,'ssjlb 79073','Provident perspiciatis aut et placeat aut rerum enim velit. Tempore illum perferendis et blanditiis placeat dolorem cupiditate. Tempora voluptatum aliquid ad delectus est. Aut consequatur corporis expedita perferendis accusantium.','5672953802816',2206.06,1),
(1111,12,'kjfzo 11806','Voluptatem voluptate consequatur qui magnam officiis cupiditate sunt. Sed blanditiis laudantium aliquid autem numquam labore delectus. Quibusdam quia doloremque ipsam qui tempore quisquam iste.','2752793773996',4203.40,8),
(1112,13,'ygwyw 84211','Voluptatem perferendis sit ut eum. Sunt hic excepturi ut velit est ea quasi voluptas. Et perferendis eveniet magnam quia aut blanditiis.','7760947019727',4036.81,0),
(1113,14,'kxhva 79235','Adipisci ea laudantium laudantium sit. Consequuntur aut qui molestias sapiente itaque omnis. Voluptatibus nesciunt veritatis porro blanditiis hic autem suscipit.','9217079158919',3381.28,4),
(1114,15,'ronps 69288','Eius doloribus qui hic amet suscipit cupiditate a ab. Sint reprehenderit illo architecto beatae recusandae autem. Quis provident quis aspernatur iusto. Earum nihil et eaque illum deleniti quis nisi.','4338418652372',4668.39,0),
(1115,16,'zgofp 30063','Labore harum natus et consequatur. Consequatur rerum et et sit blanditiis veritatis. Eveniet et dignissimos ex ex magnam. Eaque sequi qui qui ut voluptas.','5782361497044',3192.07,7),
(1116,17,'bswqf 70796','Enim animi ratione illo atque. Ut reprehenderit architecto repudiandae. Magnam magni at ullam quia nostrum rerum eum. Fugit non quis vero qui qui.','0519931701202',4954.72,5),
(1117,18,'vlhvn 06202','Modi illum consequatur porro suscipit. Harum facilis modi corporis ut quas ipsa eos. Repudiandae et alias cumque corrupti. Rerum et consequatur enim molestiae ut commodi.','5661123655543',3078.86,5),
(1118,19,'tymaw 90192','Nostrum optio atque quia aut et. Quam adipisci ducimus et corporis. Ipsa in odio doloremque praesentium sed.','6860797685149',4828.22,9),
(1119,20,'atwlu 99519','Beatae esse atque quis vitae et corporis. Reiciendis nisi quidem animi suscipit. Aut tempore quidem eum nulla quo quia et. Sed at dolore sit amet aut.','7926292768875',4250.70,0),
(1120,21,'rangt 02174','Iusto pariatur blanditiis repellendus. Quo voluptate sed facere molestiae eveniet ut dolores. Eum saepe aut rerum officiis id quia.','4032311427081',4890.80,5),
(1121,22,'aluxi 69380','Veniam non quibusdam saepe eum placeat quae. Eum a eos voluptas ut accusantium qui. Perspiciatis laudantium eaque qui fugit quis qui.','0022189041230',2528.99,8),
(1122,23,'dhcpf 25321','Non omnis quia similique perspiciatis hic ratione. Molestiae sunt amet autem expedita. Recusandae quas aperiam autem repellat sit ullam voluptatem. Accusamus vitae nihil aut dolorem neque et qui. Rerum voluptate nihil ea delectus.','4935786593223',3083.42,6),
(1123,24,'vvyvx 28233','Fugit consequatur est eligendi est dicta minima. Voluptate qui rerum quisquam accusantium laudantium voluptatem quas. Dolore sit sunt eum corporis consectetur. Dolorem et voluptatum sit nesciunt dolor. Aut omnis quidem iure porro nostrum.','3156283948366',2627.12,4),
(1124,25,'wvqjr 01370','Delectus tempora omnis labore quam aperiam consequuntur fugit. Omnis reprehenderit beatae et vero fugiat ut nam. Enim voluptatem aut iusto sed sint ducimus qui.','1137539543186',3198.16,8),
(1125,26,'aiyot 70343','Sint veniam saepe aut voluptatibus eum et. In optio dignissimos ea dicta totam. Doloribus vero modi iste ut. Qui iste consectetur similique consectetur et qui corporis.','7252250157673',3023.23,7),
(1126,27,'bczvt 00313','Reprehenderit et asperiores quia dolores. Atque iusto qui nemo est consequatur. Velit totam quisquam numquam deleniti distinctio eos consequatur.','1091284142424',2985.84,5),
(1133,1,'ygkzo 62151','Deserunt consequatur blanditiis optio totam harum voluptatum nam soluta. Et debitis nulla et porro et. Voluptates voluptatem optio quasi debitis itaque.','9455314400700',1824.07,5),
(1134,2,'vbcuf 37070','Ab molestias laboriosam autem mollitia quasi perspiciatis praesentium ratione. Eos voluptatem voluptatem quaerat sunt et unde. Qui voluptates impedit cumque et omnis aut aliquid.','0116493969066',3162.42,0),
(1135,3,'exdur 82541','Qui voluptate omnis blanditiis. Doloremque aut soluta error ratione vel. Numquam ipsum dolor laboriosam eligendi animi.','8380461346445',1992.46,5),
(1136,4,'cagob 29098','Officia enim aut sunt qui accusantium dolorem. Perferendis quo facilis delectus aut accusantium. Molestiae qui iure enim ut optio recusandae nam. Dolor deleniti inventore dolor temporibus fugiat.','5110734949461',4298.47,1),
(1137,5,'azzdn 39257','Quasi reprehenderit et saepe amet. Ratione et quasi eaque sit. A et ab nostrum alias qui hic.','2879530675082',2103.75,4),
(1138,6,'mqdkp 70162','Vero voluptates harum porro. Quia sint consequatur voluptatem natus qui iusto vero nihil. Animi esse id voluptas sit perferendis alias sunt. Dolorum neque neque optio ducimus ab. Aperiam et est libero rerum veritatis exercitationem.','2371040497432',3709.93,6),
(1139,7,'kuyzb 38138','Voluptate quas hic perferendis eveniet sed rerum. Quae voluptatem quibusdam quasi. Nesciunt aut alias omnis minima. Temporibus nihil et non quidem nostrum quam sit.','2853002886695',1591.65,7),
(1140,8,'yicyl 79021','Enim voluptas temporibus hic reiciendis quis non. Esse at distinctio occaecati modi. Iusto in qui pariatur veritatis est enim. Asperiores fugiat repellat nesciunt eos rerum aut rerum.','2196577159109',2533.95,2),
(1141,9,'lmksp 20056','Ut sunt fugiat optio pariatur autem nobis qui fuga. Est omnis aut quia qui commodi vitae eos. Numquam repellendus velit sint commodi nulla. Odit eius et rem autem officia minima aut. At quidem eos id laudantium tenetur et.','7645268402994',3663.25,4),
(1142,10,'vprtk 38739','Cum eveniet est ipsa hic quisquam aliquid autem. Atque rerum praesentium facilis commodi maiores quis vel expedita.','9328090836233',3445.30,4),
(1143,11,'jibxq 05456','Mollitia ut itaque quas officiis ut totam magni. Consequatur provident illum quidem ducimus autem. Voluptatem officiis et et recusandae omnis consequatur et doloremque. Est officiis iusto tenetur sit cupiditate.','3433599677884',818.90,7),
(1144,12,'zmgtj 82405','Totam blanditiis quia reiciendis enim enim labore et. Quia in officia voluptatem rerum nostrum magni sed. Dolorum numquam qui sunt magnam quod qui.','7338270993450',2829.60,7),
(1145,13,'lrxms 26781','Omnis quam soluta et molestiae ut mollitia. Tempore sit vitae quae blanditiis. Cupiditate ut ipsa suscipit alias inventore.','2852741330346',192.36,7),
(1146,14,'orpra 48606','Ea et consequuntur sed harum. Aliquid rerum voluptatem voluptatum est. Ut aspernatur delectus quasi. Et necessitatibus ea provident corrupti deleniti omnis et qui.','5183929784925',157.50,7),
(1147,15,'yhfnq 48366','Rerum qui est illum quisquam. Ut assumenda et aut ullam in consequatur. Est quia ut sint quasi ea tenetur.','5017252601812',1076.71,2),
(1148,16,'fhxpx 54901','Repudiandae non veritatis soluta et placeat ea quia. Aut quis velit earum corporis eum voluptatibus. Et et illum eaque aliquam aut aliquid eius.','0623822548033',294.65,9),
(1149,17,'zljuo 17740','Laudantium ipsam sapiente rerum dolores quibusdam voluptatem. Architecto debitis odit fugit nihil ut consequatur. Sit est rerum minus cum perferendis similique magni.','2438932498493',664.62,0),
(1150,18,'qfngw 72491','Numquam voluptatem quibusdam reprehenderit blanditiis quidem saepe et officia. Eligendi blanditiis sint in perferendis accusamus est alias officiis. Eveniet facilis omnis commodi optio dolorum.','7654534380867',2248.54,5),
(1151,19,'vkpfq 56258','Est quo cupiditate quo quia. Sit qui expedita et quam ea dolores dolorem qui. Ad aut voluptate molestias qui ut. Quam nulla eius recusandae officiis ut quisquam.','5818225687563',4691.46,5),
(1152,20,'senoq 00024','Dicta eaque ut doloremque aperiam enim ut. Aut aliquid occaecati fugiat rerum molestiae eum et. Nisi ratione nemo quam vel consequuntur magnam.','2375447291983',3902.00,2),
(1153,21,'qlnzx 54294','Tempora quam natus sed totam ut odio in dolorem. Et voluptate reiciendis tenetur omnis aut. Quo pariatur consequatur enim est fugiat.','0512252124330',158.11,4),
(1154,22,'tsrob 80406','Sit qui et voluptatum qui. Provident unde blanditiis quo molestiae.','7510714346866',2360.71,9),
(1155,23,'htkrh 23730','Consequatur dolores laudantium fuga exercitationem sint fugit aut. Impedit aut consequatur harum magni ad est.','1652970624473',1233.13,2),
(1156,24,'nqhgf 48906','Laboriosam ullam error quis autem. Vero aliquam quisquam sed asperiores ea sint dolor. Provident accusamus et sit impedit. Ut quibusdam rerum dolorum eveniet architecto.','2713840409398',3292.45,9),
(1157,25,'dppge 24986','Esse architecto nisi voluptas impedit odit facere atque. Odit ea sapiente totam non voluptatem eveniet. Id iusto molestiae ab est excepturi ipsam eum ut. Officia quo non earum.','5378970051748',4507.64,7),
(1158,26,'efyvj 46473','Soluta sunt a vel rerum dicta. Quaerat eos repellat quia reiciendis atque. Officia nisi voluptas eligendi velit deserunt beatae nesciunt. Eligendi dignissimos deserunt est voluptatem. Recusandae harum accusantium esse et aut.','6696589028579',3399.83,4),
(1159,27,'gnvjp 03161','Aperiam necessitatibus occaecati ipsum sit aut facere consequuntur. Et consequatur voluptas cum sapiente sed quia dolores.','6164909035373',3600.49,7),
(1166,1,'hwnxq 47540','Similique soluta dolor eligendi sint facere quo officiis et. Ut vel distinctio totam distinctio amet ut provident consectetur.','7877313006653',748.69,4),
(1167,2,'zrzsk 75756','Et incidunt voluptatem est repellat facilis voluptates blanditiis. Et quo quis voluptatum velit ullam et. Sequi incidunt sequi impedit quas. Omnis nisi recusandae voluptas deserunt et at.','0548822293809',4307.70,6),
(1168,3,'lxrau 27006','Magnam quis aut atque vel est tenetur. Vel dolorum fuga dolore accusamus minus aut ex.','9966481685574',155.94,3),
(1169,4,'plwzy 76753','Consequatur et provident non ab eos unde enim. Qui eum aut omnis corporis commodi esse dolorem. Rem voluptatem a sint sint et provident eligendi. Ad et voluptatibus ipsam libero assumenda.','2918005989498',4834.10,6),
(1170,5,'eqkmn 74784','Quia officia sit ducimus dicta non inventore. Porro nam tempora alias aliquid vel blanditiis veniam. Voluptate et velit qui harum corporis. Dolor odio sint in mollitia fugiat et accusantium.','4674177659031',222.80,3),
(1171,6,'yehky 88009','Delectus accusamus dolorem aliquid ut cupiditate. Consequatur exercitationem est dolorem beatae ad dolorem est. Qui veritatis enim quidem suscipit quo. Repudiandae odio numquam laboriosam molestias.','3706711599068',290.87,8),
(1172,7,'ekagp 52361','Enim eum nobis libero et. Nihil exercitationem velit odit in. Quia ut perspiciatis sed. Ut quia quia iusto consectetur. Et nemo iure distinctio veniam ullam aperiam officiis natus.','5439328186120',2185.77,6),
(1173,8,'udeid 02554','Voluptate quos omnis et dolorem sunt soluta nam. Voluptatum amet architecto omnis est voluptates et facilis. Ducimus facilis eum cum. Ut ipsum expedita impedit neque.','6770012132382',1039.00,4),
(1174,9,'rxnha 07999','Quaerat sint fuga et et. Alias aut culpa rerum nesciunt. Vel dolorum amet culpa aut ea et non. Sequi deserunt quia quo rerum similique dolores.','6283556482009',4738.41,7),
(1175,10,'fuplz 18534','Odio voluptatem alias autem deserunt ut praesentium. Natus quia velit tempora sed doloribus saepe voluptas. Dolores eius excepturi aut voluptates sapiente tempora dolores.','9617174339440',872.41,9),
(1176,11,'dpqgt 32755','A et aspernatur non eaque consequatur. Suscipit distinctio aut est error non tempore libero. Ut a omnis quos quasi laboriosam sit. Quaerat exercitationem est porro eum sunt et ut a.','7941623471231',4626.99,1),
(1177,12,'ptojy 35192','Exercitationem ut odit quod tempora tempore aut libero. Eos nulla molestias sequi sed cupiditate nulla. Sunt maiores hic nostrum quas. Odio omnis eos ut sit at.','7315353276556',4329.72,2),
(1178,13,'rpwue 55592','Saepe blanditiis maxime ut commodi. Vel ut architecto labore quam suscipit autem quisquam. Sint recusandae fugiat cupiditate ad atque et perspiciatis.','5297082604157',3277.20,4),
(1179,14,'phign 86177','Rem laboriosam totam quod totam minima. Voluptatem dolores tenetur facilis fuga qui ut.','9440919393328',1412.10,8),
(1180,15,'rwpwp 98723','Voluptatem eos fuga minima labore sed temporibus. Expedita veniam aspernatur rem molestiae hic. Et sequi quos numquam impedit non.','4749058588523',4591.00,7),
(1181,16,'edppy 23727','Recusandae optio nulla et dolores repellat eos. Ut labore distinctio expedita maiores qui veritatis suscipit et. Amet aspernatur consequatur quis dolore excepturi neque consequatur. Dolorem sit ut sunt. Officiis tenetur dignissimos sapiente deserunt exercitationem.','4854764917960',3379.28,9),
(1182,17,'czvon 04267','Natus iste quisquam ut quod reprehenderit veritatis ea nisi. Dolorem aut atque nulla quia quia occaecati autem. Odit aut nulla iure est ratione hic dolor. Quae officiis iusto et.','1610509451730',2850.30,8),
(1183,18,'mwaiv 00559','Nulla qui labore nemo et. Perspiciatis placeat aspernatur sunt voluptates hic voluptatem cupiditate. Non in sunt et iusto ut. Eos rerum non provident accusantium consequatur et. Itaque officia numquam et modi aspernatur hic maiores.','4833677994787',304.54,3),
(1184,19,'bzoeg 59685','Ut aut qui saepe quis qui voluptas. Laborum exercitationem corporis ut voluptatem autem quibusdam tenetur itaque. Est est id vero. Et id sunt nulla.','1365107210905',1918.77,6),
(1185,20,'mbhrd 29608','Adipisci exercitationem repellendus voluptas incidunt. Eius error ut aspernatur aut.','8208261277380',3957.08,0),
(1186,21,'eeqec 60350','Vel qui sit aliquid unde voluptates. Deserunt eveniet iure non ipsum aliquid ducimus. Sit in eos consequatur cum voluptatum.','4860403289077',1846.20,7),
(1187,22,'daalw 12581','Vel autem magni quibusdam nulla saepe et in. Molestiae illo ex totam et consequatur quam. Earum quae ratione illum assumenda accusamus soluta. Est ipsa voluptatem error magnam omnis sequi. In quisquam expedita aliquid exercitationem provident delectus inventore.','7385468686687',1686.81,7),
(1188,23,'nasfb 17821','Fuga veritatis enim nesciunt quaerat occaecati est velit. Et porro cum quo voluptatem. Laborum est vero dolore saepe consequatur cumque laborum. Consequatur incidunt qui inventore dolorem laudantium ut.','1698937012945',4802.17,9),
(1189,24,'jvzcz 31444','Ut minima ex alias cupiditate optio est et. Maxime omnis dolores consequatur consectetur modi quia. Perspiciatis hic magni totam. Accusantium voluptatem pariatur assumenda magnam optio itaque.','4127536981101',4932.48,9),
(1190,25,'ypias 00874','Doloremque repellendus necessitatibus in et dolor maxime earum. Aut ut earum aut odio. Animi quia rem qui nostrum sequi modi. Corporis similique rerum explicabo.','6628733264946',4663.58,0),
(1191,26,'doasb 54009','Sed voluptatem laborum odio eius porro sit. Neque aliquid consequatur enim veniam error blanditiis doloribus. Et unde aspernatur explicabo aut mollitia ab.','6283380653255',106.40,3),
(1192,27,'ekhui 26368','Aspernatur ea quod voluptatem voluptatem est delectus. Dolor exercitationem vel molestiae quaerat omnis inventore. Eum ratione nisi et inventore sit.','9190304405913',273.96,2),
(1199,1,'qzkdh 54882','Delectus sequi voluptates iste nisi. Itaque esse nobis recusandae aperiam. Quia blanditiis rerum a.','8383129150132',1263.20,4),
(1200,2,'urvjk 15440','Nobis est quia eum eaque sit iure consectetur. Beatae placeat enim aliquid at corrupti et. Rerum consequatur sint blanditiis rerum.','1666131025740',2914.73,8),
(1201,3,'xhjwz 95530','Quidem quisquam nam voluptatibus inventore dolores. Voluptatem perferendis eos delectus aut voluptas dolorem. Est dolorem rerum repellat minus. Sit doloribus repellat esse accusamus aut odit. Ipsa praesentium quae voluptatem ab perferendis veniam.','8054774593260',264.91,6),
(1202,4,'qexct 96909','Quia cum iure ut est voluptatem sint. Voluptatem nam consequuntur qui velit libero quas. Quos voluptatem dignissimos eaque quod ea sed repellat.','6363807492718',2993.85,8),
(1203,5,'hjhjt 63824','Accusantium suscipit iusto aut odit provident omnis. Ut dignissimos ut assumenda rem reprehenderit totam. Fugit quia aut culpa repellat dolores aut quis. Repellat aliquam velit ut sint.','7953976820451',3431.98,1),
(1204,6,'zpzve 88845','Et eos est in beatae ducimus error iure. Tempora quibusdam culpa sint eligendi non quo omnis magnam.','0524074116745',275.00,7),
(1205,7,'bvxbv 45994','Necessitatibus maiores omnis ducimus ipsa. Debitis perspiciatis alias aut et. Molestiae et itaque sed alias nostrum sint ad vel.','0822075994622',249.29,7),
(1206,8,'bkjaq 94572','Quisquam iste praesentium sed dolor natus. Doloribus id suscipit molestiae deserunt quas ipsa. Dolorem necessitatibus id ex iusto cupiditate quisquam. Et dolor eaque non consectetur occaecati.','1708375722150',1513.58,5),
(1207,9,'yzjph 77743','Totam nulla qui nulla dolore architecto praesentium occaecati. Voluptatum doloribus consequuntur commodi consequatur illo. Doloremque aut dolor consectetur.','3210361363905',1131.31,6),
(1208,10,'jvjuy 72265','Omnis ipsam optio illum. Odit recusandae velit ipsa cum. Excepturi dolorem et consequatur voluptate.','6094427556930',419.65,6),
(1209,11,'ojxnp 43235','Eius nostrum ut et similique. Molestiae autem sunt repellat occaecati occaecati. Dolorum nihil vitae odio. Dicta sed non maxime eum facilis rerum.','0791276003009',4207.87,0),
(1210,12,'hcvxw 37178','Molestiae quia sit vel optio recusandae exercitationem. Possimus sit ut dolore aperiam. Sit illo omnis enim aspernatur voluptates aut.','4710399712984',2222.68,1),
(1211,13,'swzwa 43301','Aut vero est nostrum a qui autem et. Quidem ut et animi occaecati ipsa nemo et. Sit debitis culpa molestiae odit cumque qui. Ut voluptatem a nisi magnam sunt dicta.','2578543208873',2301.38,6),
(1212,14,'lvnfl 78713','Et magnam occaecati in numquam rerum rerum veritatis. Aspernatur quia non rerum tempore. Magni dolorem ut aperiam minus nemo.','8826957133989',407.64,4),
(1213,15,'iublu 42907','Sapiente distinctio voluptas tenetur. Et vitae eum velit dolor ullam et. Ipsa ex voluptatem inventore earum ut. Commodi molestias sunt et molestiae minus in tempore. Ut aut est officia quae temporibus odit aut.','2048041852002',2307.95,1),
(1214,16,'ydhqr 02987','Voluptas quisquam sed voluptatum cumque qui inventore. Aut enim dolorem vel.','9457374371662',3556.47,1),
(1215,17,'bsfyv 65096','Repellat sunt enim temporibus odio. Aliquid assumenda a et nobis. Aut exercitationem et quod ipsa dolorem. A non ducimus aliquid temporibus aliquam ad commodi. Sapiente inventore et accusantium consequatur.','6104390207170',775.50,7),
(1216,18,'yxilv 47947','Optio totam quia incidunt et consequatur esse. Ut maxime at enim veniam incidunt totam quis. Enim rerum qui non vitae. Autem officia praesentium iusto animi magni ratione aut. Fugit voluptatibus sequi aut recusandae rem est.','9797441159046',1743.13,4),
(1217,19,'fecyv 98012','Autem porro neque excepturi quasi. Sunt ab sit officia molestiae sed unde qui. Voluptates ea aut voluptas harum sunt distinctio. Veniam quis praesentium quisquam perspiciatis. Omnis asperiores aspernatur temporibus explicabo est vel.','0547491775586',1081.00,9),
(1218,20,'aohts 54774','Et consequatur maiores soluta corrupti non ipsam perspiciatis. Quia sit ex sed et quos ducimus et. Vitae laudantium error temporibus dolore. Unde cupiditate dolore aperiam expedita vero molestiae vero.','1154824742949',3417.09,9),
(1219,21,'yxayk 28119','Quo omnis repudiandae sunt et laborum nobis. Adipisci fugiat corporis omnis voluptatem. Sequi quo consequuntur soluta beatae itaque. Qui nihil doloremque assumenda earum est porro aliquid.','4467443000565',827.19,7),
(1220,22,'pddmj 83619','Voluptatum perspiciatis beatae consequatur est est voluptatem dicta. Dignissimos blanditiis sit id. Quasi voluptas doloribus beatae rerum. Distinctio aspernatur molestias dignissimos vel minus sit est aut.','2876424055876',299.00,8),
(1221,23,'pjgac 50597','Ad ad et dolorum qui. Neque provident deserunt dolorem veniam aliquid. Officiis iste asperiores cum itaque aut illo.','1300248467948',2680.64,2),
(1222,24,'sunnw 09789','Dolores dicta non laboriosam dicta aut sed. Corporis temporibus inventore perspiciatis ipsa corrupti exercitationem. Aspernatur aspernatur ipsum facere eos deserunt in odit nulla. Nam molestiae voluptatibus eaque repellat voluptatum.','1090849022454',1612.50,1),
(1223,25,'jzljl 99257','Quis tempore esse autem et aut ullam omnis. Qui et occaecati ipsa explicabo dolores aliquam. Molestias molestiae doloribus ea alias qui architecto non. Quas voluptatem et aut quia aut ab.','2353015580509',2363.50,6),
(1224,26,'yqqwy 92898','Accusamus occaecati est ut sequi perferendis blanditiis. Iste quam minima at pariatur ut aut. Et quidem eligendi soluta itaque. Corporis quam necessitatibus eum.','4103676201965',648.59,7),
(1225,27,'wyvyu 13749','Rem doloremque velit placeat nostrum. Esse nobis aspernatur voluptate vero. Tenetur consectetur nihil blanditiis dolores placeat. Id mollitia qui voluptates odio et. Aut culpa alias eligendi fuga non qui beatae.','8697190434368',50.80,9),
(1232,1,'jwsex 28408','Impedit labore voluptas iusto deleniti eum. Voluptatem iste iste delectus aut ducimus ratione. Mollitia rerum aut est facere aut temporibus nesciunt.','6498686538568',1344.04,3),
(1233,2,'kyije 80657','Temporibus voluptatem explicabo cum est. Incidunt autem ut eligendi laudantium nostrum. Quam qui sunt est illum temporibus maxime vero voluptas.','2866716462604',2728.23,7),
(1234,3,'timpa 75057','Neque aut iusto sit nam eum et sunt. Optio et qui vitae possimus at dignissimos voluptatem. Excepturi aut fugiat eos ut commodi ut. Ducimus debitis repudiandae id quis.','5614620620088',4920.59,3),
(1235,4,'fklip 98662','Esse necessitatibus maiores velit cupiditate sint ut magnam. Quo dignissimos quas et debitis tenetur non. Nam maiores id voluptas accusantium.','6124838386939',4294.49,9),
(1236,5,'reyzm 66594','Commodi quibusdam neque corporis est rerum. Qui laborum neque sunt et quos voluptatem quia quia. Et eveniet consequatur aliquid consequatur iusto fugit omnis.','3851084233382',4541.42,5),
(1237,6,'zitcy 33020','Excepturi placeat magni a neque. Qui voluptatem dolores qui consectetur corporis incidunt voluptatibus. Ipsa ea excepturi quos veniam tempora consequatur. Magnam quos explicabo quia.','1418563006442',392.70,4),
(1238,7,'ntegi 41757','Qui cum a quisquam tempore. Sequi ratione sed quasi repellat quaerat. Est et omnis rerum autem.','9462912680465',1605.66,8),
(1239,8,'crnjw 70606','Eligendi ut aut rerum aperiam non. Ut dolores consequuntur quasi minus impedit nisi voluptas provident. Molestias quasi debitis laudantium ullam repellendus. Et est necessitatibus porro doloremque cumque iste et.','6947573454790',450.00,5),
(1240,9,'rhelw 07666','Saepe neque quia et voluptatem ut nulla nihil. Nemo est veniam quas dolores. Inventore aspernatur quisquam numquam. Laborum et molestiae ut suscipit vel aut sit.','7441762677117',224.91,9),
(1241,10,'jiueu 37625','Illum quo animi consequuntur minus aperiam cum culpa. Dolor repellendus magni ipsam consequuntur et delectus ut. Voluptatem dolorum voluptatem sed non illum placeat.','4940571011738',4645.35,3),
(1242,11,'sysda 39239','Eaque dolor dolorem distinctio cum a sit nesciunt. Possimus et porro maxime. Impedit accusantium hic voluptas. Rerum aut ab tenetur sit.','0791357118936',2461.74,3),
(1243,12,'ddrov 04631','Tempore quia possimus rem deleniti tempore mollitia iste aperiam. Fugit suscipit a ut facilis qui sit ipsam. Odit dicta ab sapiente odit.','6190108887376',580.30,5),
(1244,13,'kbyjy 66950','Reprehenderit eaque molestiae tempora quod cum incidunt sint. Modi tempora occaecati est voluptas ipsa magnam ut. Atque reiciendis nobis et ea quo repudiandae ut.','6633702259878',1482.00,8),
(1245,14,'jknzw 89329','Adipisci et sunt dolor asperiores. Magnam in ad laboriosam est ipsum ipsam. Alias dolore fugit necessitatibus adipisci. Quas doloremque assumenda animi.','4577421671929',4343.93,9),
(1246,15,'bnzix 09276','Earum aut corporis officiis. Ab voluptates reiciendis magni iusto debitis. Cupiditate fuga et id nemo asperiores consequatur repudiandae. Maxime aut eveniet expedita voluptas ipsa.','0177257863471',1857.00,8),
(1247,16,'nqjll 41071','Quidem magnam error ea error nam facilis. Maiores repudiandae eum excepturi voluptas corrupti voluptas. Et sed alias animi perferendis ducimus consequatur. Non aut qui cumque.','9151392879994',1923.53,3),
(1248,17,'jgpcd 25137','Quae et praesentium eum soluta. Ut aut et culpa nam officia est. Quas quia aut molestiae in porro autem eos. Odit voluptate consequatur deleniti qui dolorem soluta repudiandae rem.','7190713023489',1573.80,2),
(1249,18,'bhcco 63843','Placeat excepturi impedit quod culpa. Voluptatem quaerat sed enim possimus omnis ut. Culpa odio ea quaerat nostrum animi.','9771388523900',116.20,6),
(1250,19,'xhdne 71249','Ad deleniti quam a sed ea aperiam omnis. Id a voluptate id minus veritatis et alias illum.','9797450108660',1340.33,6),
(1251,20,'lrxwg 00420','Minima natus omnis mollitia. Animi dolorum nam repudiandae quam laudantium dicta et. Doloribus eveniet reprehenderit nesciunt repellat officiis sint cumque non. Quod cupiditate ipsa recusandae culpa.','9272092835889',1406.74,4),
(1252,21,'apqwd 25907','Et ad possimus praesentium voluptatem aspernatur consequuntur voluptas nesciunt. Esse iste unde fugit esse blanditiis. Corrupti perspiciatis rerum repellat at architecto iste possimus. Nulla nemo sed nesciunt aut optio velit.','7797641842474',4932.07,9),
(1253,22,'jhsec 11778','Quos omnis labore sed qui sint sed. Id earum ducimus velit aut. Est quis occaecati quo est tempora. Sunt qui sequi culpa ab nihil. Ipsam eos consequatur ea cum.','9472125660383',1677.01,4),
(1254,23,'fqhdx 83737','Quasi non nostrum velit et ut. Totam sequi omnis et repudiandae ut occaecati non. Exercitationem consequuntur molestias ut fugit ut ut dolorum.','4084920667488',4264.50,1),
(1255,24,'uoteo 82634','Aspernatur ipsum consequuntur dolorum repellendus est. Enim nihil rem est. Qui voluptas ducimus nisi aut reiciendis excepturi. Beatae voluptas doloribus omnis.','7349301041941',4594.30,1),
(1256,25,'kuprf 83536','At qui nihil consequatur natus asperiores. Quam et architecto vel quia veniam. Rerum molestiae quo labore aliquam excepturi qui vitae deleniti.','8223452663469',1333.39,5),
(1257,26,'veebj 66465','Voluptatem quia minima odio magni ut et voluptas. Qui quae rem qui ex aperiam. Placeat sed aliquid a exercitationem ipsa necessitatibus.','4530244906227',113.93,8),
(1258,27,'dmdmz 78103','Consequatur adipisci sunt molestiae maxime. Quibusdam eligendi saepe perferendis ducimus quasi neque.','1441770695451',4457.00,2),
(1265,1,'umftx 12724','Nisi in quibusdam commodi. Ut recusandae optio ad. Qui itaque voluptates deserunt quae molestiae vel.','0548205567787',2531.50,2),
(1266,2,'uplis 81020','Provident culpa hic consequatur amet placeat dolorum enim. Ipsam voluptates molestias illum similique quos. Atque neque aut dolores suscipit. Quam sed quidem quibusdam facere ut id cupiditate. Ullam ab veniam doloribus iusto.','8168200383308',212.00,8),
(1267,3,'lgofz 86270','Vitae libero ratione neque deserunt ea aut vitae. Ab ut corrupti illo inventore. Dolorum fuga beatae velit ea maiores molestiae.','3949581011609',2675.62,9),
(1268,4,'fdnbn 46984','Praesentium ut non quam non ipsam. Qui magni voluptatem voluptates non. Autem in molestiae officia.','3410171695184',4305.83,7),
(1269,5,'jzuxi 72014','Ab laborum repudiandae sunt facere. Cumque accusantium eligendi reiciendis sit doloremque nostrum. Asperiores inventore aut odit harum suscipit architecto.','0080145862077',2885.70,2),
(1270,6,'bagsb 45288','Est nulla numquam soluta nobis et aliquam. Minima id distinctio consequatur ipsa aut eaque. Quia magni repellat qui dolor facere est.','7898087951710',1130.00,1),
(1271,7,'cbzzp 87305','Eaque molestiae qui aut adipisci molestiae. Officiis cum sit dolorum. Quae impedit consequuntur aut id.','9334435857788',2474.24,6),
(1272,8,'hymjq 77863','Velit rem consequuntur odio in eaque quibusdam amet. Consequuntur consequuntur perferendis cumque qui facere quibusdam sit. Illo voluptatem eveniet corporis molestiae odio. Nulla error consequatur eligendi omnis.','4082090694662',760.92,1),
(1273,9,'wwtba 43432','Dolorem natus itaque amet ea. Provident quia velit minima enim recusandae animi.','6915619923692',1744.40,4),
(1274,10,'lkcqy 33989','Iusto qui voluptatem et adipisci molestiae. Voluptas quis itaque rem magnam maiores. Autem quod illo quo aut autem. Cum quos consequatur cumque. Et temporibus culpa et recusandae.','4881837506929',3271.24,5),
(1275,11,'sliou 08713','Quis quas est tempora tenetur earum. Ad nihil in et fuga eveniet placeat repudiandae. Reprehenderit quo autem sequi numquam ipsam optio placeat ut. Consectetur est vitae odit voluptatum saepe quo molestias sed.','1361261558853',1117.37,6),
(1276,12,'ddnxj 44476','Et at est ut optio. Itaque qui aut quos doloremque quam. Voluptatum quos rerum aliquid dignissimos sunt. Tenetur sunt quo soluta. In voluptatem dolor incidunt eum.','1262859431919',1871.99,9),
(1277,13,'mkuvq 34378','Blanditiis ut odio blanditiis velit est dolorum explicabo. Exercitationem ipsum voluptas expedita recusandae vel deleniti officia. Ex aut corrupti vero repellat perferendis asperiores.','3306692008735',812.00,7),
(1278,14,'uzbwf 50234','Voluptatem sunt molestiae veniam quia eum. Dolor tenetur eum sed officiis ut sed quia ratione. Cumque eum repellat suscipit dolorem mollitia ut qui molestiae.','2882013750008',1273.56,6),
(1279,15,'mjoaw 51245','Laudantium dolor laudantium voluptatum iure in hic. Sunt sunt et nulla ipsa dolores.','9742855185181',4572.00,9),
(1280,16,'kqvhb 89580','Excepturi aut perspiciatis laudantium dolore. Consequatur iure totam occaecati laboriosam facere nobis doloribus quae. Dolorum dolor et at pariatur eius.','6016417808331',4298.96,8),
(1281,17,'kzvgd 70723','Totam iusto quis iste nisi eius optio. Inventore blanditiis aliquid veritatis qui velit. Voluptas eum enim et voluptatem dolor laboriosam.','6182529577301',2091.83,0),
(1282,18,'oyvob 29952','Ipsum error eos sed qui voluptas vel neque. Labore sed vel recusandae non nobis laudantium.','7483108999187',3097.74,6),
(1283,19,'xlsbo 83629','Accusantium quod unde quaerat dolores libero aut. Ut et repellat voluptates adipisci reprehenderit corrupti. Nihil possimus dolores commodi natus omnis sed aut.','2210493710548',2493.28,3),
(1284,20,'bxchv 43732','Porro dolores excepturi est dolorem sed et. Dolor perferendis consequatur dolor cumque consequatur cum. Laboriosam saepe eum sit unde atque est quisquam eius. Dolore nostrum facilis porro dolores vel fugit corporis.','7244435566530',3359.00,7),
(1285,21,'yeqyz 08998','Consequuntur quam et voluptatem sed. Ut expedita hic aut quis. Ea adipisci et voluptas. Sunt autem vel error nostrum quis.','8420511078213',1602.93,9),
(1286,22,'qtpwo 22077','Est iste quam nesciunt enim deleniti ut totam. Incidunt voluptatem consectetur omnis doloremque. In nisi harum quia. Est qui suscipit totam in et.','4255930908667',2323.00,6),
(1287,23,'ccsbv 80020','Perferendis eaque rerum harum voluptas sed repellendus. Voluptatem nulla quia quis sit. Ea sit dolores quia asperiores.','0072976628229',4544.23,2),
(1288,24,'pefgj 00295','Recusandae impedit veniam commodi minus. Non ipsa labore praesentium mollitia non. Asperiores et soluta perferendis quasi tempora dolor. Iste sed asperiores quo rerum optio repellat eum reprehenderit.','9847912258706',3173.73,3),
(1289,25,'oevbt 75026','Consectetur neque aut laborum quia repellendus blanditiis. Magnam fuga expedita eius tempora et.','5556363474972',4396.98,5),
(1290,26,'pxveq 19789','Voluptatem optio similique consequuntur saepe. Sit dolorem hic asperiores et distinctio. Tempora consectetur aut et sint praesentium rerum. Rerum sint est libero dolor facilis.','4930236301076',4145.50,6),
(1291,27,'bdfab 34824','Reiciendis accusamus ducimus voluptas id dolor. Delectus minus omnis qui voluptatem facere. Quibusdam dolore et repellat repellendus esse saepe quidem.','8974742636747',4465.94,2),
(1298,1,'jczhz 98293','Est qui dolores accusantium possimus dolor. Quas ut et corporis numquam. Sunt voluptas est aut doloremque. Porro harum sit repellat illo excepturi omnis adipisci.','0658296174914',2834.42,0),
(1299,2,'zrjfj 35584','Odio vel voluptas ea nisi consequatur quam corporis. Natus odio illo quia nisi saepe qui libero qui. Nihil nihil et natus impedit provident adipisci. Doloremque sunt minima voluptas.','3369623617406',1107.60,2),
(1300,3,'bghrm 20316','Ad cum magnam nihil. A aut omnis alias nam dolorem nesciunt. Quas et doloremque ullam quod molestias aut.','9125505438576',1060.32,3),
(1301,4,'ugxyr 76081','Quaerat facilis blanditiis consectetur quo error sit dolorum. Labore quia consequuntur eos aut dolore saepe. Eos dignissimos quasi tempore et harum laboriosam.','6196167471495',3765.15,7),
(1302,5,'eaiwu 56864','Id occaecati dolorem autem nihil excepturi. Sit suscipit veniam maiores qui cum. Minima nihil numquam aliquam necessitatibus. Totam illum inventore sunt explicabo enim ut rerum doloremque. Et est reiciendis quibusdam id.','4000289142107',1253.70,0),
(1303,6,'fcztl 18769','Quo neque autem qui fuga perspiciatis unde minima. Et repudiandae autem iure placeat sed. Et eius facilis earum minima. Harum tempore assumenda autem dicta beatae.','1150076460594',2280.38,2),
(1304,7,'dxnza 89334','Sint temporibus assumenda commodi. Culpa alias numquam eum rerum. Maiores dolor blanditiis atque. Qui et quo dolor fugiat beatae.','4862785528669',4561.17,5),
(1305,8,'tdtcd 51008','Quae numquam vel vel excepturi. Quam rerum ut consequatur iure id ea esse voluptate. Quia provident eum est id sunt sunt inventore. Neque blanditiis omnis enim deleniti ipsam.','2899717826144',2200.53,1),
(1306,9,'yqkqx 04920','Ad aut repudiandae nulla. Culpa voluptatem dicta dignissimos reiciendis. Non atque ducimus assumenda officia velit eos. Ea accusamus animi quidem velit.','6999920121701',3497.30,1),
(1307,10,'lossc 77369','Voluptatibus esse voluptas illum consequatur atque id aliquid. Ipsa pariatur beatae eum repudiandae et qui. Rerum exercitationem vel voluptatem consequatur.','3217004231164',4648.00,1),
(1308,11,'ugcyd 49130','Vero quos maiores asperiores aut omnis saepe. Omnis dignissimos minus quod laudantium doloribus voluptatem.','1901956742800',1078.47,9),
(1309,12,'qvjzs 86439','Sunt vel quia suscipit vel voluptatem unde sunt dolor. Similique dignissimos deserunt aut et. Sed quia quod officiis.','7371383911492',3974.07,7),
(1310,13,'iraxc 98843','Consequatur qui molestiae dolorem. Id explicabo est earum fugit quasi. Omnis voluptatum tenetur blanditiis repellat et.','3992194461019',858.00,9),
(1311,14,'jillw 13727','Aut voluptatem officiis eligendi et nostrum. Placeat vitae cum perspiciatis. Reiciendis sed ad exercitationem quaerat explicabo voluptas quidem.','1204866812091',2983.70,2),
(1312,15,'bsddj 53577','Consequatur aut iure ea corporis. Modi deserunt ipsa quos tenetur occaecati nostrum id. Et quaerat quam harum et. Cumque id molestiae ut ut numquam.','9426250751867',1866.58,2),
(1313,16,'rypaf 96215','Ullam qui ut officiis accusamus commodi. Quas libero commodi explicabo esse eligendi ut tempora. Dolor facilis in veniam fugiat nisi aut. Corrupti et et voluptas magni officia minus. Rerum dolor vel molestiae provident saepe vel molestiae.','9610382690730',5.50,2),
(1314,17,'pgkod 67387','Molestiae vero laborum et porro. Vel incidunt enim sit voluptatem. Quia eum sed quia iusto adipisci aperiam. Excepturi consequatur est sunt aut.','1254865001330',908.10,4),
(1315,18,'ebmcr 03361','Aut commodi est quidem laboriosam voluptatem. Eveniet numquam est rerum ut. Possimus quasi aut quibusdam optio sunt quis.','3922926939448',1710.48,8),
(1316,19,'vulmw 67235','Asperiores repellendus ea non delectus. Omnis dignissimos sed ullam voluptatem ut incidunt deleniti sed. Consequatur quia dolorum reiciendis rem explicabo autem.','5563014589688',1954.59,5),
(1317,20,'cleme 24127','Ex voluptate et rerum sapiente sequi eligendi. Velit corrupti omnis doloremque occaecati eius. Porro aperiam exercitationem ad sunt aliquam et. Cum aliquid ipsum alias architecto quia.','7529097104086',2409.20,4),
(1318,21,'uzlpw 95590','Laboriosam et atque nemo. Minus perferendis minus accusamus molestias. Aut iure nostrum corrupti omnis.','7850835428868',2647.33,5),
(1319,22,'jeanh 60352','Fugiat quo nostrum quia. Sit error atque porro est sit.','9782386598388',4560.22,1),
(1320,23,'uefwz 95675','Labore dignissimos saepe inventore ut aperiam. Deserunt non et veritatis aut illo rem. Qui quaerat vitae fugiat veniam architecto porro.','7059326248767',3641.00,0),
(1321,24,'ktqks 86206','Inventore perspiciatis quos est numquam autem quo. Aut aut tempora quis ipsam natus natus. Distinctio reiciendis placeat nesciunt dolores voluptates neque.','6216194869482',1773.25,2),
(1322,25,'jpmsj 74998','Quia blanditiis rem sequi vel corporis. Corporis atque quam deleniti repellat ut labore esse. Repudiandae aut distinctio illum minus non et. Officiis inventore recusandae voluptatem quia ullam tempora.','1200264516845',1621.76,4),
(1323,26,'kbyev 35080','Ipsum expedita eaque aut. Rerum id expedita molestiae optio aut magnam quia molestias. Dolorem nostrum atque delectus alias.','1835755774390',2085.47,6),
(1324,27,'gnhib 96165','Porro impedit aliquid a ut cum aliquid. Qui est doloremque eum atque eos. Cum qui et modi deleniti ipsam perspiciatis et.','6127148692509',3103.70,6),
(1331,1,'yzper 61362','Magni rem non nemo qui rerum totam. Et voluptas aut quo ut a aliquam.','4253548778986',4765.31,8),
(1332,2,'vsqqx 54485','In ea quia voluptatem eius. Unde officiis debitis eligendi inventore commodi corporis. In et earum quisquam sed voluptatem modi dignissimos sed. Delectus eos possimus enim voluptas ex dolor nemo ratione.','2770628285186',4006.00,4),
(1333,3,'ydkyl 08156','Alias eos quae mollitia quas. Vel iure sit similique ut repudiandae. Consequatur ullam occaecati eligendi est. Dolorem voluptatum sint quaerat commodi ad iusto quia.','8294878471662',4093.93,2),
(1334,4,'wwybw 85850','In pariatur vitae officiis aut. Quaerat odio fugit cum cumque nostrum. Provident doloribus exercitationem voluptatum aliquam non et. Ex iusto explicabo officiis dolorum veritatis.','3320938739665',3060.61,9),
(1335,5,'znzej 99967','Laborum atque doloribus voluptates corrupti perferendis sequi odit. Animi non sit quis vel perferendis impedit.','6824878018783',4366.40,7),
(1336,6,'oxlyq 65831','Possimus officia facere dolorem delectus repellendus. Et libero pariatur vel voluptas culpa. Inventore omnis cumque nisi.','4923284424385',3842.00,2),
(1337,7,'xsffs 58965','Blanditiis officia alias aut eum dolor. Quia maiores sed aut numquam et pariatur ut.','2363043520033',4131.00,7),
(1338,8,'uufmz 21599','Vitae blanditiis qui accusantium et. Est et est nihil soluta est. Est voluptates neque ut voluptatem voluptatem molestiae.','7568218953554',259.00,5),
(1339,9,'jnqeu 68339','Amet et quaerat et. In voluptatem amet alias assumenda ut omnis. Animi deleniti velit et qui rerum qui ut.','5194073964620',2296.50,1),
(1340,10,'sndew 34701','Reprehenderit libero consectetur pariatur commodi. Inventore et facilis non ut saepe in. Velit pariatur quia ullam dolores. Sit ullam quisquam recusandae alias earum est.','6308540467753',1759.00,7),
(1341,11,'uhxmm 00020','Quod veritatis possimus atque et qui quia. Dolore quisquam dolorem totam doloremque eius quis. Quaerat qui aut excepturi voluptatem nam vel magnam. Error nam aut quis accusantium officiis accusantium vel cum.','0604498674868',2948.00,1),
(1342,12,'muvjp 74165','Debitis ullam libero neque quam doloremque aut. Quia accusantium autem reiciendis velit possimus. Odio qui recusandae qui non aperiam sed. Nobis voluptas magni explicabo inventore repellat aliquid.','8425846908426',3173.00,5),
(1343,13,'icfog 33683','Minima et et accusamus dolor. Ut vel et ipsa nulla et dolores. Eos vel accusantium aliquid libero.','8636031576997',2768.37,6),
(1344,14,'pnqbl 86514','Ea eum et incidunt est et. Consequatur ad quasi adipisci doloremque praesentium impedit ullam. Eligendi atque amet esse et expedita et asperiores quisquam. Consequuntur assumenda consectetur ea cupiditate ea.','1167765136609',1138.21,5),
(1345,15,'jrgqg 03864','Et aut alias qui provident maiores quia. Cum ut provident veritatis est delectus ex. Tenetur error nihil asperiores ut qui velit. Unde sit vel ipsam.','3023967455536',4623.90,6),
(1346,16,'pbhvl 50122','Rem qui qui et optio. Molestias incidunt aut placeat voluptatum eum praesentium itaque. Eum cum provident et facere accusamus aut praesentium fugiat. Fugit impedit velit aut illum amet quia atque.','4827726038195',1735.30,8),
(1347,17,'rpfxp 93157','Eos et asperiores aut exercitationem consequatur. Assumenda molestias quod earum sunt. Doloremque in non ut quo. Deserunt eaque necessitatibus nam.','3621493270281',3376.49,7),
(1348,18,'obgdc 53979','Mollitia tempore nesciunt facere facilis quas et ab. Facilis quia quis sapiente nobis sit excepturi aut iure. Quaerat distinctio similique sed alias inventore tenetur aut quod. Consequatur cupiditate assumenda temporibus eos.','1706285053722',3109.61,8),
(1349,19,'xrifz 61125','Maiores doloribus repellat enim ipsa. Aut dolor assumenda dolor.','0028399794324',69.00,3),
(1350,20,'xxefm 59489','Totam veniam voluptatibus quis at cum ut mollitia. Officia alias ab et vero odio provident. Error et iste culpa fugit tempora cum voluptatibus. Et rerum voluptatibus dolorem libero dolorem animi.','2451687010109',3999.43,2),
(1351,21,'qrmgv 38482','Non illo numquam exercitationem sed doloremque. At dignissimos ab voluptas veritatis quam provident illo. Facilis velit qui itaque sunt ut.','5577442615055',4014.11,1),
(1352,22,'ohrkh 09846','Odit ratione ut vel quidem maxime odio dolorem. Architecto quam a sed sed consectetur.','9214582580251',44.70,5),
(1353,23,'paici 88544','Excepturi quam cum vel itaque non ea. Voluptas tempore sequi eos cum ut earum officiis molestiae. Voluptas quo magni libero hic rerum eveniet sint.','6944616023869',2127.87,9),
(1354,24,'kytcp 66622','Est non vel voluptates ab. Cupiditate qui voluptatem fugit illum est distinctio.','3112056489450',3834.68,1),
(1355,25,'vgkaf 84964','Est reiciendis est nemo blanditiis cumque sint. Maiores voluptatem fuga aut omnis qui doloribus ut. Facilis dolorum inventore sunt. Aut nostrum doloribus totam vero eius similique distinctio dolores.','0232813637696',416.46,6),
(1356,26,'tzgvt 60941','Aperiam aspernatur veniam autem enim provident voluptate est tenetur. Sunt quis consequatur mollitia dolores rem. Molestiae rem aut veritatis ut aut. Quisquam ab enim et nihil.','1557513186435',1532.69,9),
(1357,27,'mtxse 14601','Et assumenda et in at velit beatae. Sed ratione amet iste porro mollitia. Cupiditate officia itaque eveniet asperiores occaecati.','1527120942915',4409.32,0),
(1364,1,'zxslz 82853','Ea voluptatem unde ratione corrupti. Provident vitae laborum eligendi adipisci qui. Temporibus ab a laborum porro. Distinctio est esse sed aut doloribus.','7360801109818',4179.78,3),
(1365,2,'lllhc 66789','Aliquid repudiandae repellat nulla provident. Qui magnam ea atque aut ipsum. Provident consequatur autem distinctio vel fugit. Voluptas voluptas nisi qui.','4481617284551',253.43,8),
(1366,3,'rsjil 41682','Animi nihil dolor aliquid dolore in temporibus consequatur. Consectetur et est ullam. Incidunt voluptate id voluptatem dolor provident. Nostrum repudiandae provident excepturi animi.','4831191907283',1201.85,2),
(1367,4,'ysbkg 46550','Impedit quidem quis blanditiis nam. Nostrum et minima quod laboriosam ipsam. Iure dicta consequatur exercitationem id dignissimos sint suscipit earum. Eum tempora dolorum culpa iste.','6276343831487',3272.50,5),
(1368,5,'xionj 47690','Dignissimos labore et molestiae tempora. Est accusamus architecto mollitia quae sint rerum. Eveniet magnam eum quia deleniti non ratione numquam. Sed voluptatum quis nisi et.','9525913474133',1752.00,1),
(1369,6,'vrpnl 17471','Labore in itaque dolorum atque voluptatem atque. Doloribus vero laborum quia voluptas. Error adipisci placeat et deserunt nihil odio. Ipsa quod molestiae reprehenderit voluptas.','5254181651949',3615.00,7),
(1370,7,'dsmiq 70427','Sit asperiores voluptatum in et maxime aperiam. Earum assumenda ea perspiciatis et sunt voluptatum. Saepe nostrum alias dolorum quasi. Velit omnis et cum et.','7096683716546',1989.76,9),
(1371,8,'olhbh 59895','Et veritatis ab omnis quam et possimus. Magni ab optio tenetur illum. Impedit illum blanditiis rerum magnam possimus.','4783653238605',2327.00,2),
(1372,9,'yawwe 23062','Et voluptatem sint hic consectetur. Dignissimos quia quis accusantium asperiores consequatur ut fugiat.','3700895120025',1606.37,5),
(1373,10,'cnyeh 95842','Repellendus sed sed et ducimus non. Rerum corrupti in consequatur assumenda pariatur sit. Voluptas rerum fuga non et ut sint fugit.','3394135217325',4699.20,7),
(1374,11,'scven 34661','Modi et consequatur consectetur esse. Sed officia voluptas eaque itaque vel. Et est aut officia dolorum. Quo reprehenderit non quo sapiente totam optio.','1884144893143',3462.96,0),
(1375,12,'xetid 51591','Vel voluptate qui in aliquid aliquid eius dolores unde. Hic maxime ut aut temporibus aliquid. Ratione aut nostrum cumque quod possimus cum. Deserunt ea enim sit.','3884428816002',112.96,4),
(1376,13,'rkmeg 03753','Aut aut quae eaque temporibus ut. Qui ex commodi ut amet et. Et quis esse iste facere aspernatur qui et.','4571559048745',3177.51,8),
(1377,14,'wuiyv 46248','Est perferendis beatae consequatur. Dolorem numquam officiis dolor consequatur impedit ducimus. Sunt sit corrupti repellendus aut. Ratione quia nihil adipisci sapiente dolore.','2116137384215',2569.42,3),
(1378,15,'xbosa 93698','Ut qui fugit nihil voluptas. Voluptatem fugit voluptatibus quos consequatur. Esse beatae ut expedita dolores deleniti error dolor sed. Officiis sed doloremque numquam harum excepturi consequatur ex a.','5587058873527',1597.00,4),
(1379,16,'unrwe 52419','Dignissimos voluptates iure voluptatem tempora. Sit vero aliquid earum et. Debitis atque voluptatibus autem fuga incidunt vel. Sit non harum sed voluptas nihil. Et dolorem est totam voluptatum consequuntur iste.','2338293167109',1529.07,3),
(1380,17,'yxiwh 30645','Incidunt consectetur sit cupiditate. Rerum minima eaque molestiae sequi molestiae. Consequatur placeat corporis quos at cumque.','0347506245031',3708.46,9),
(1381,18,'ysnvr 75204','Exercitationem fuga adipisci eum et minima eius et. Pariatur ullam hic aperiam maiores quo velit eaque. Quod aliquam iure consequatur eligendi velit qui rerum.','6273360493261',352.40,1),
(1382,19,'syjfe 62741','Sint iste voluptatibus maiores maxime quidem itaque unde illum. Qui quia doloribus numquam ipsa numquam. Ut autem ut natus ut rerum autem. Ad ipsa aspernatur quia cum non quia.','6376820552543',2943.13,5),
(1383,20,'ttico 57630','Excepturi qui sed quia et rem. Minima eum repudiandae dolorum voluptatem voluptas rerum. A voluptates quia deleniti et ipsa vel fuga. Quo sed temporibus corrupti iusto.','3228041755018',4891.76,9),
(1384,21,'smikh 88132','Eum quam et repellendus ducimus ut aut nemo. Laborum quas iure ut doloremque. Consequatur totam ratione saepe est. Aliquid iusto voluptatem et ut laborum.','0139564106474',4550.48,6),
(1385,22,'czvwg 06099','Sunt doloremque qui sint ut natus autem. Dicta vel voluptatem dolore debitis reprehenderit qui vel. Ab qui iste enim magnam. At culpa consequuntur sint voluptatibus illum.','8335086011520',1088.33,0),
(1386,23,'cwssr 44340','Velit repellat nihil sit repellendus. Ut rerum asperiores voluptatem sint qui et labore asperiores. Minus sunt et numquam sed laborum est. Voluptas qui eligendi aspernatur doloremque excepturi dicta eum et.','8898862778449',730.40,2),
(1387,24,'yehln 34343','Quo omnis ratione aut maiores. Assumenda et voluptas aliquid ut aut tenetur provident. Porro perspiciatis est qui.','2278395340539',4896.01,4),
(1388,25,'ztxuc 44752','Est quia inventore et quia autem. Deleniti dolorem dolores saepe iusto rerum esse. Harum atque nihil quam.','3233408381434',836.45,9),
(1389,26,'nnhje 91589','Modi minus est et. Dolorem atque molestias cum sed voluptas accusantium. Ab et provident sed voluptates temporibus. Velit ea tenetur inventore magnam.','3892251333108',3716.20,8),
(1390,27,'yfehr 42418','Voluptatibus fugiat est exercitationem dolores qui dolores quod. Necessitatibus et vel placeat repudiandae. Omnis molestiae nostrum dolor est ut quasi qui. Culpa sit molestiae blanditiis quia rerum.','7643975005842',3078.64,6),
(1397,1,'rgijy 20527','Blanditiis quia neque ducimus enim. Quia aut consectetur rerum iusto officia eligendi et. Omnis animi voluptatem officia nemo voluptatem dolorem.','4011805226942',3913.80,4),
(1398,2,'ofdvj 94983','Eaque ut delectus voluptatibus laboriosam dignissimos dolorem ipsam. Quas fugiat distinctio in.','6769439705125',1098.00,1),
(1399,3,'jhpks 13995','Culpa inventore vel dicta quos. Repellat et autem asperiores expedita repudiandae. Molestiae velit esse facere perferendis ipsum necessitatibus et. Et cupiditate qui ea at est.','2747991985890',1410.90,9),
(1400,4,'hyuja 57619','Non perspiciatis omnis cum aut. Perspiciatis sed eius rem laboriosam tenetur nihil praesentium. Natus voluptas sed amet vero culpa eum nostrum consectetur. Dolorem fuga voluptas impedit qui.','2557669228309',598.57,2),
(1401,5,'xhloc 85458','Voluptate qui nulla vel non. Quaerat in aliquam sit minus fugit dolor et. Et earum mollitia incidunt facilis rerum consequatur quis. Atque recusandae odio illo maxime eius.','6732753306279',3470.92,8),
(1402,6,'eeenf 50860','Iusto velit sequi quidem architecto. Consequatur ut voluptatem porro. Excepturi soluta qui ex laudantium suscipit. Sapiente qui sunt accusamus placeat cum ea.','8010958120516',3879.21,7),
(1403,7,'obpff 46081','Quis soluta dolorem iure quo repellendus dolorum quia eveniet. Labore rem adipisci quia in et. Sed culpa temporibus et neque est quis aliquid.','4280782939705',267.44,6),
(1404,8,'zvrje 23764','Quas commodi nulla tenetur sint doloribus nam. Temporibus ad nisi harum id optio praesentium. Nihil fugiat tempora eum sunt optio vel voluptate. Sed natus laborum necessitatibus dolores.','4132031862329',1399.64,2),
(1405,9,'kuvzw 94342','Dolorum eaque accusamus iure voluptas aut quidem quo. Non adipisci voluptates porro quia ut voluptatum quia ducimus. Ea excepturi aut harum eligendi illum. Sit rerum optio ex.','9912722629791',4506.78,2),
(1406,10,'rwqvv 77355','Enim consequuntur excepturi a eligendi molestias. Ut quas voluptatem possimus debitis assumenda recusandae rerum ea. Quam neque et molestiae.','9361383613227',4385.70,7),
(1407,11,'fiwal 95765','Consequatur veritatis dignissimos rerum. Et harum vitae et eaque sed. Aliquam placeat laborum voluptates qui beatae non.','9717525100108',1598.57,8),
(1408,12,'ilygs 95381','Omnis inventore autem velit iusto sed expedita. Qui doloribus deleniti accusamus et. Est qui magni eaque dignissimos ipsum doloremque qui.','1509874340292',1774.86,1),
(1409,13,'izpng 87445','Id facilis molestiae accusamus at nisi occaecati saepe aperiam. Est repellendus dolorum id voluptate nisi expedita porro repellat. Et sint dolorem possimus libero.','3806946040035',963.50,1),
(1410,14,'wippy 46032','Non voluptas similique aliquid deserunt. Dolor recusandae voluptas voluptatum. Dignissimos nisi eligendi nihil ipsam tempora hic officia. Doloribus sed sit dolorem velit consequatur necessitatibus.','9768283429147',1923.00,4),
(1411,15,'krejc 07404','Natus laboriosam ipsam et natus modi occaecati quasi. Possimus ipsum magnam ipsam incidunt vel. Saepe fuga dolor ab non in.','3745237454208',2041.03,2),
(1412,16,'wxsvc 93325','Aspernatur praesentium non reiciendis nesciunt error beatae. Eum omnis distinctio quaerat ducimus amet. Distinctio ducimus quia id et eum.','0928226057427',1427.39,5),
(1413,17,'xohlp 35294','Ut sit ea quas maxime ducimus. Quaerat quia incidunt in. Quia modi odit quis illum. Quo voluptatem animi reprehenderit consequatur voluptate.','7106070394438',4381.45,5),
(1414,18,'jsfby 88911','Ut velit occaecati qui. Consequatur rerum libero earum. Reprehenderit ut ea ipsam incidunt deleniti quae. Deserunt quas ut molestiae iste. Non repellendus autem non iusto voluptatem.','3644770255924',741.52,8),
(1415,19,'liwjx 62835','Temporibus id ullam voluptas a voluptas consectetur quis. Asperiores dolore explicabo tempora fugit ut consequatur consequatur. Consequatur ullam qui aspernatur sit nostrum consequuntur. Numquam nihil eos id ducimus voluptas distinctio fuga.','1636369228619',1609.18,0),
(1416,20,'lxqeg 25024','Et voluptatem iste ea quia aliquam aut. Cupiditate provident nihil repudiandae non cupiditate. Exercitationem numquam quo nemo.','3335858985597',4717.30,8),
(1417,21,'xipkp 37426','Voluptatum voluptatum quia autem ab. Impedit non natus omnis adipisci ut quos voluptatibus.','8703927564205',4149.80,5),
(1418,22,'mlbou 76863','Velit qui perspiciatis laborum voluptatibus tempora mollitia autem. Quis et et vel id. Et facere aut voluptas distinctio.','0180280954955',4439.99,7),
(1419,23,'cwztb 47711','Officia est sit fugit beatae. Nam quidem iure eaque est quia perspiciatis perspiciatis.','0570305679312',3759.01,1),
(1420,24,'mxetk 77486','Porro non optio et autem omnis est. Enim qui dolores voluptates quis magnam dolor officia. Non non et non at nostrum. Ea officiis asperiores inventore quibusdam sunt culpa. Quam qui rerum labore dignissimos vel.','1389903697326',3919.00,2),
(1421,25,'coixj 97163','Quis accusamus sit at. Fugit placeat sit molestiae aut sit facere. Autem iure consequatur facere ut facere labore. Quasi beatae et consequatur dignissimos.','5065361045232',4618.80,5),
(1422,26,'bnnlq 43039','Sint impedit quia veniam quas enim id. Dolorem rerum est veritatis amet quam voluptas. Repudiandae quaerat qui molestiae error illo est quos ea.','3332714631940',4286.11,4),
(1423,27,'vrxpb 32571','Qui dolores esse dolores. Delectus quia ipsam voluptatem harum voluptatem et odio. Optio et veritatis tempora autem.','9988554353302',4825.93,0),
(1430,1,'pseos 85196','Aut cumque aut hic doloribus sequi. Ad maxime perspiciatis ex consequuntur. Est quis est accusantium eligendi sed temporibus eos.','1467520595871',3297.86,9),
(1431,2,'nzlfs 96282','Nemo commodi aut qui ut et voluptate debitis. Non necessitatibus expedita iusto nihil eius non. Omnis magnam vitae blanditiis omnis fuga.','7805022467489',3294.67,2),
(1432,3,'dbgdj 35577','Aut facere et molestiae commodi distinctio tenetur hic. Veritatis porro expedita ea. Aut natus molestias aut eum vero quaerat nihil. Vel repudiandae sapiente ratione magni eveniet.','3991713348497',2332.80,5),
(1433,4,'raruo 80156','Dolorem exercitationem repudiandae modi ut natus. Quia molestiae animi repudiandae. Dolores quia sit totam corporis delectus rerum.','3296568144875',4952.25,1),
(1434,5,'spkta 47595','Veritatis unde voluptates velit aliquid quo non. Ipsam maiores enim ea voluptas placeat et. Aut ipsam similique nihil voluptatem qui eius eum consequatur. Aut aut quia dolores. Blanditiis assumenda accusamus dicta est.','9813168705264',2242.18,7),
(1435,6,'qefnm 99499','Veniam officiis ex nemo accusantium laborum. Corrupti quis aut nihil quidem. Molestiae illum doloremque repellat et atque qui dolorem quibusdam. Eum beatae autem natus at magnam aperiam.','2511394401758',4110.20,5),
(1436,7,'cilyf 96094','Porro ut rerum quidem qui eum perspiciatis possimus. Eum occaecati dolores doloremque. Occaecati ea exercitationem provident.','9859350715222',3027.52,5),
(1437,8,'kamtq 76555','Maiores in illo ea consequatur distinctio sit. Blanditiis voluptatem quo ut nobis. Corporis est voluptas dolore nihil quo sit.','0328262076268',3207.23,9),
(1438,9,'hgzqt 21809','Aut voluptatum officiis voluptatum aut. Animi expedita consequatur voluptatem est debitis. Non suscipit laboriosam minus minima.','2751834359571',3346.79,6),
(1439,10,'ngawo 00807','Rerum tempora facilis est quam sed rerum. Ut vel voluptates veritatis commodi et numquam rerum. Dolorum odio veniam voluptatem alias aliquid est nobis. Ipsa molestiae aut rerum qui.','6536944080678',3239.07,4),
(1440,11,'rsesg 77728','Debitis et iure nobis rerum eos suscipit nulla id. Velit consequatur dolor dolorum atque. In eum non non est. Sint qui laudantium quod sint illo qui est.','4350884291275',2133.99,0),
(1441,12,'qikls 28245','Eveniet non doloremque vero velit ut perspiciatis reprehenderit repellendus. Porro eum rerum rerum dolorem. Asperiores qui aliquid architecto. Doloremque earum ab incidunt assumenda expedita vitae cumque. Molestias numquam ullam est neque quia eligendi.','2676242873153',3128.35,4),
(1442,13,'xvhph 09370','Aliquid vel placeat debitis quis facere aliquid. Et at expedita inventore dolor quasi et minima. Et dignissimos et nisi voluptas repellendus nam et.','7745592565362',1983.80,8),
(1443,14,'gsthn 49453','Error voluptas tempore voluptas id. Nisi omnis ut nemo itaque velit sint consequatur minus. Non explicabo voluptates sit magnam itaque nesciunt sit corrupti. Voluptatem nesciunt consequuntur aliquam asperiores sequi.','4584284299382',1033.52,4),
(1444,15,'unelj 56786','Ut aut voluptatem autem id qui rerum. Laborum hic placeat vel sapiente omnis ea. Perspiciatis cupiditate error quam ex nam. Architecto eligendi sit vero sit. Earum odit ullam voluptate.','8839250422803',1232.80,7),
(1445,16,'uhkbj 11070','Ut labore fugit modi ad autem impedit soluta eius. Illo minus ut dolores ad iste. Eaque voluptate magni sint ut.','4222240464664',94.84,9),
(1446,17,'aaiya 16747','Corrupti ut molestiae dolorem et similique. Voluptate maiores officia cum esse amet. Est doloribus repudiandae neque. Ullam ex autem ullam enim et quia autem et.','2449679693805',4595.21,3),
(1447,18,'rhxtu 55134','Iste suscipit repudiandae voluptatem perspiciatis distinctio expedita. Consequatur vel nisi autem ut et eos magnam. Voluptatem aut omnis modi totam omnis. Facere et quia facilis odit quis blanditiis.','8006208771911',2116.32,4),
(1448,19,'bkzdw 50826','Aut quia blanditiis et aut minima eaque. Aliquam sint omnis quis itaque veniam ut consectetur. Enim commodi autem sit dolore consectetur officiis. Quasi porro aperiam tempora nobis magnam et. Aut perferendis et perspiciatis itaque non consectetur animi.','0867111425005',4905.61,4),
(1449,20,'fdidn 44393','Rerum repellat fuga suscipit voluptatibus assumenda minus. Alias at qui rerum nemo voluptatem velit nihil. Et sit ab magnam.','1486140081755',882.00,3),
(1450,21,'uoxox 75948','Iste veritatis qui soluta tempore placeat itaque. Explicabo corporis nihil qui quaerat sed accusamus et. Exercitationem ut eos quos beatae repudiandae praesentium qui. Natus recusandae voluptates sed aliquid deserunt et. Enim delectus minima iste rerum voluptatibus accusamus.','5138968978767',3478.05,4),
(1451,22,'kbxxu 68618','Et est quo et sed ex culpa. Repellendus expedita ea est hic nobis eos consequatur. Sapiente quaerat alias ducimus.','7396556709652',3251.70,5),
(1452,23,'jginp 96626','Voluptatum in maiores at minus. Corrupti itaque omnis voluptatibus ducimus.','0602280348584',3470.76,5),
(1453,24,'ykvsw 21771','Ducimus ullam molestiae cumque et eos dolores qui. Hic eum qui cumque eos qui dolorum aut. Nostrum ea quam perferendis consequatur minima sunt.','7287731553088',1666.54,1),
(1454,25,'wzgmc 36900','Repudiandae aperiam saepe quisquam non. Officiis consequuntur odit blanditiis blanditiis non. Illum ut aut qui.','2324994868100',480.56,9),
(1455,26,'nkujr 77857','Rerum molestiae accusamus temporibus ab consequatur voluptatem corrupti. Cum quia quas officiis consectetur error dicta quas. Nostrum laudantium ad et nobis repellendus doloribus debitis.','1946914029647',3331.39,6),
(1456,27,'mzrfz 61871','Esse assumenda fuga placeat quasi ullam. Nisi numquam fugit ea libero tempora est veniam. Beatae quia qui iure et nisi.','4049199282862',3994.34,8),
(1463,1,'iqehk 89736','Consectetur dolorem quibusdam omnis. Maxime aut id et rerum. Excepturi velit enim laborum voluptas a minus. Quasi rerum velit odit vero velit. Consequatur saepe illum aut tempore consequatur at voluptas.','2862560718867',926.85,2),
(1464,2,'mujpn 49893','Veritatis expedita quia molestiae laboriosam. Error est cumque a est voluptatem exercitationem. Commodi aut doloribus cumque quis atque beatae autem.','0015126341449',4121.98,4),
(1465,3,'uxudj 07462','Dolorem consequatur debitis sapiente et. Magnam quibusdam ipsum corrupti et ipsam dolor ex. Nisi tenetur aut hic qui aliquam. Ducimus cupiditate sequi consequuntur at modi iste.','0580249706166',2712.00,5),
(1466,4,'kpcxq 05101','Laborum reprehenderit eos possimus corporis aliquid et. Reprehenderit corrupti officiis itaque qui. Minus provident voluptatem sunt quae.','9554911332152',2828.28,9),
(1467,5,'xgwce 93716','Perspiciatis saepe alias iste asperiores est sed. Cumque veniam consequatur ullam at non ut repellendus. Sapiente vero in iste soluta nulla molestiae.','2263174305267',830.20,4),
(1468,6,'cldcq 74542','Dolorum vel natus aspernatur quo. Eveniet voluptatem id ut est aliquam. Reprehenderit dicta sit voluptatem. Perferendis molestiae est quae et maxime.','1678301648697',669.58,9),
(1469,7,'umzyy 28582','Quisquam ut doloremque cum enim non non ad. Ipsum aut dolor maxime veniam impedit autem. Et alias molestias maxime et quis voluptatem quo.','7228625526870',2527.87,1),
(1470,8,'pwhxk 64779','Ipsum laudantium sunt quibusdam accusantium itaque. Illum explicabo aut ex quos. Et dicta ad delectus quia deleniti est quia.','7379710858434',2199.52,8),
(1471,9,'qvbyo 19471','Amet nesciunt minima porro architecto. In sint architecto repellat alias maxime ut. Enim odit accusantium quam neque aut et. Enim laboriosam et dignissimos velit.','9732146916587',4573.00,2),
(1472,10,'ruuir 05250','Eos natus quia nam rerum numquam et. Eligendi beatae suscipit voluptatem est. Architecto minus aut ratione reiciendis enim enim. Quidem inventore qui voluptatum facere.','7875806031250',3957.40,4),
(1473,11,'pxpau 90838','Rem sed eos at provident rem itaque. Blanditiis sit et dolores ullam ullam in. Commodi et velit et voluptas voluptatem error. Voluptatem quos totam sunt eos temporibus fuga voluptas.','0590467051504',897.57,3),
(1474,12,'npwin 73336','Occaecati consequatur asperiores perspiciatis ut error. Vel atque dolorum accusamus alias officia. Incidunt qui et expedita aut ut. Omnis quibusdam provident cumque quis dolor necessitatibus.','1809007610316',276.36,7),
(1475,13,'ziych 81311','Provident eveniet illo sint. Suscipit ullam nihil deserunt dolorem in eveniet dolorum non. Illum ut dolores placeat. Aut voluptate tenetur et et est id.','4010854502588',4341.73,2),
(1476,14,'fgfpf 37018','Sapiente quas dolores voluptate consectetur reiciendis voluptas possimus. Et hic quidem consequatur fugiat. Reprehenderit repudiandae ipsam laboriosam. Facilis velit ea harum sunt consequatur sapiente eius aut.','2840856174634',1416.08,5),
(1477,15,'fahye 61925','Dolorum amet quaerat consequatur est laboriosam commodi sed aut. Aliquid aut eligendi sapiente ab a nobis et. Eos incidunt quis voluptatibus.','2605500716413',2484.80,2),
(1478,16,'cprpy 28712','Fugiat accusamus explicabo aspernatur quia. Qui laborum quidem molestias architecto. Hic voluptas facilis est voluptatem magnam ipsa et.','9479153762577',4146.50,7),
(1479,17,'hebxl 70841','Eos ut quo fugit explicabo. A enim aperiam et ratione sed et numquam eos. Quibusdam laboriosam ipsa consequuntur voluptates deserunt minus ipsam. Qui qui et molestiae repudiandae cumque magnam aperiam.','1767347114171',1226.34,5),
(1480,18,'jeqit 55845','Et sunt rerum itaque et. Ducimus animi occaecati sint ducimus beatae qui. Ipsam itaque dolor ullam provident quos fugit. Eius voluptatem aut dignissimos reprehenderit ipsam nostrum.','6000169810025',4792.40,1),
(1481,19,'hlfzy 45002','Qui velit repellendus exercitationem quam perspiciatis ut. Consequatur itaque et commodi corporis rerum. Nemo enim quam ab ut dolor.','6858172488324',538.10,1),
(1482,20,'llaby 85217','Et ullam id nemo. Aut occaecati mollitia quis consectetur vel. Voluptas ratione ducimus magnam assumenda. Non tempore maiores qui quasi laudantium illo.','9764713536454',1661.89,1),
(1483,21,'zqbhe 71129','Dolores ratione voluptatum sint vitae ut facilis voluptas dignissimos. Voluptas est commodi est quasi deserunt qui ut. Rerum et qui consequuntur tenetur qui sed.','3320593160170',2434.00,2),
(1484,22,'kirsu 96459','Magnam ut vel aut. Et accusantium quia sequi odio architecto reprehenderit voluptas. Iusto quis officiis exercitationem consequatur tempore culpa tenetur. Molestias atque doloribus quia.','7558337974783',1873.51,8),
(1485,23,'hmjjd 02923','Cupiditate minima eos architecto. Voluptatem qui consectetur iure voluptates asperiores optio quae. Velit dolor harum quam dolores voluptas vel.','1535458070514',3155.22,3),
(1486,24,'xzhli 39716','Quia ut soluta ut. Aliquid distinctio quos cupiditate facere et blanditiis inventore. Quia earum natus dolores non vero facere ipsa.','7885440383356',737.90,3),
(1487,25,'mmzmd 47134','Corporis consequatur eos ullam dignissimos dolor vitae ullam non. Aliquam saepe accusamus molestiae est. Nam est nemo quam illum aliquam laborum eveniet. Qui voluptates quia error quia accusantium harum distinctio.','3005129642541',4225.69,2),
(1488,26,'hnqnc 80939','Necessitatibus a dolorem eveniet possimus. Assumenda id tenetur minus magni.','5255231750803',3103.35,5),
(1489,27,'iyljf 74987','Voluptas asperiores quo nam dicta praesentium. In veritatis maxime est sint. Vel fugit quisquam et voluptas rem cumque.','1231205676397',4929.86,3),
(1496,1,'ndqkw 99160','Aut non quia harum animi. Culpa eos fuga magni aut dignissimos. Quisquam delectus dolor sint ab enim eligendi.','7180785507581',1532.80,1),
(1497,2,'ogyob 97526','Doloremque aut illo odit modi. Non quia temporibus facere sit fuga quae et eveniet. Animi voluptatem eos vel repellat sit excepturi officia. Amet nam aut ullam provident. Laudantium animi tenetur quis voluptas suscipit et.','9300754949800',300.55,8),
(1498,3,'eeprd 50311','Sapiente provident est ullam soluta eum sed facilis. Non repellendus et sed voluptatibus quia sint. Quia nesciunt earum saepe cumque autem.','8760009672944',4861.71,5),
(1499,4,'pvfwk 24772','Tempora ullam possimus ex a veniam doloremque. Autem aut nisi aut minima voluptate et. Quae ut nemo sunt. Iusto eius quo molestiae voluptatem impedit harum numquam.','6198290092875',663.78,7),
(1500,5,'eocbo 74230','Et et voluptatem optio nulla. Consequatur quis qui dicta. Et deleniti quis autem quo.','3679572166550',2388.98,1),
(1501,6,'utvwf 16198','Ea aspernatur a ipsum molestiae laborum itaque quod. Sit ex incidunt aut voluptatum consectetur enim maxime. Quis sint aperiam provident quia.','5657476415880',4348.66,0),
(1502,7,'fraau 00253','Ex adipisci quod et dolorem. Assumenda sit cupiditate nulla et itaque aliquam quod rem. Tempora cumque iure voluptatum architecto vel. Nam quia id saepe occaecati.','3182188982600',1909.15,4),
(1503,8,'lpfwj 04998','Reprehenderit similique sint quaerat necessitatibus et qui eum. Dicta nihil maxime occaecati facilis distinctio animi. Quae incidunt qui odit incidunt. Quam ut eius blanditiis impedit aliquid odio aut.','3590427251088',4854.71,5),
(1504,9,'djxfu 78771','Est repellat corrupti ut repudiandae quaerat omnis quas. Quo earum tempora quod nihil rem et impedit. Dolorem ex in et est.','7476814041172',535.12,3),
(1505,10,'dgfvy 53258','Voluptatem optio rem ea incidunt facilis. Amet recusandae atque nam consequatur minus molestias tempore. Quidem exercitationem sint illo. Explicabo error perferendis error velit.','1247226481667',3459.00,9),
(1506,11,'emdpc 98496','Illum porro et accusamus et. Recusandae enim nisi nemo ex ea hic. Expedita corrupti sed ut vel occaecati reiciendis ut. Est ratione quo vel.','8107912107611',4724.91,4),
(1507,12,'aeexh 19807','Est quam voluptatibus consequatur omnis aspernatur aspernatur. Cupiditate eos nam autem molestiae suscipit modi. Quis praesentium a quibusdam voluptatem porro omnis.','9137477835819',3276.84,2),
(1508,13,'fxgnd 54629','Asperiores laudantium non aliquam repellat et optio amet eos. Quae veritatis blanditiis adipisci voluptates dignissimos minima excepturi. Aut vero aut laudantium facere.','3932018366526',3845.45,6),
(1509,14,'unaya 14688','Amet consequatur accusantium occaecati quos minus quo amet. Quia illum aut eveniet eos aliquam. Perspiciatis ea aut enim consequatur rerum quis ut vel. Magni quis aperiam placeat sint a consequuntur.','8164079226821',1780.42,9),
(1510,15,'typad 57398','Repellendus voluptatem eveniet ratione voluptatem eaque delectus a. Accusantium aperiam ab commodi optio minima id. Voluptas quae et possimus ratione qui pariatur est ut. Et magni consectetur sequi aspernatur qui eos.','6461271052732',314.00,1),
(1511,16,'wnoim 53171','Inventore omnis et unde enim repellendus eveniet. Quia ea consequatur praesentium id dolore quia odio. Excepturi sunt excepturi ut ut accusamus quia. Iste animi sed et nemo minima.','0406269023598',4884.58,0),
(1512,17,'hbtpu 24018','Aut ut harum reprehenderit iusto neque cupiditate. Magni reprehenderit sit ullam qui. Molestiae cupiditate modi consequatur exercitationem qui. Incidunt cumque ut delectus et corporis sit asperiores.','4976043871241',1827.45,0),
(1513,18,'wscvr 48328','Magnam ullam itaque culpa suscipit adipisci in. Nihil reiciendis eveniet earum minus odio architecto. Quaerat sequi similique sed culpa saepe aliquam labore placeat.','4676700497509',2799.94,9),
(1514,19,'sobsu 56203','Nesciunt incidunt laudantium nobis et sint. Aliquam vero quia dolor dolor. Tenetur id quae repellat consectetur laboriosam quod sint. Ut eos ratione et omnis mollitia.','0467607892160',2551.23,5),
(1515,20,'nzdon 28185','Sapiente dolores aut voluptatem dolor dolorum maxime voluptatem. Voluptatum nulla velit ipsum sint similique modi. Expedita odio cumque mollitia quas autem quia veniam soluta. Blanditiis provident repellat culpa dolor.','2454743473993',3197.62,7),
(1516,21,'cgbly 43718','Dolor esse nihil quia architecto similique. Maxime laudantium molestiae ullam quia. Facere et atque molestiae sunt voluptatem maiores autem. Non est voluptatem dolorem temporibus.','2817416319842',1607.79,9),
(1517,22,'qserj 51698','Est praesentium dolore velit neque voluptatem totam rerum. Accusantium est amet quaerat quia recusandae fuga occaecati. Omnis perspiciatis autem quia.','1229044022871',4321.21,5),
(1518,23,'hbqnk 01319','Tempora sapiente numquam rerum ut modi ratione maiores minima. Voluptatem qui non illo voluptatum ut qui. Et corporis similique suscipit voluptatem error aspernatur soluta. Aut dicta fugit vero rerum libero ut quia.','7028952522091',3556.31,8),
(1519,24,'ookvv 57630','Nobis harum odit aliquam perspiciatis libero corporis. Quas libero quisquam debitis necessitatibus. Et rerum odio et adipisci rerum. Sed saepe est optio porro.','1244980182458',3888.03,5),
(1520,25,'vmgck 16088','Est reprehenderit rem impedit repellendus tempore omnis dignissimos. Occaecati earum tempore eius beatae reiciendis accusamus asperiores. Accusamus iure molestiae quas quo deserunt aut. Quo rem reprehenderit sed accusamus autem dolores.','9932728360528',2711.86,4),
(1521,26,'fftlj 26082','Culpa odio qui voluptatem qui magnam reprehenderit. Temporibus numquam perferendis necessitatibus distinctio placeat deserunt nesciunt. Dolorum error nam quam delectus. Reprehenderit rerum dolore impedit vitae eveniet sit.','8974232590139',3051.79,7),
(1522,27,'zgvdv 98158','Cupiditate ipsam sed sunt voluptates. Autem laudantium sit cum molestias velit. Commodi qui ut accusantium. Laboriosam voluptatem quod neque est quas. Qui perspiciatis qui atque ratione laboriosam molestiae.','4210344973526',1487.90,5),
(1529,1,'axvfa 69723','Iure optio voluptatem aut officiis delectus ut quisquam. Omnis qui est dolorem ut officia. Labore nihil quis similique dolores eaque fugit vero.','6772901033978',553.27,5),
(1530,2,'yuhlu 97453','Nam iste necessitatibus sapiente accusantium quia aspernatur. Dolores alias quia ullam voluptas et placeat. Ut perferendis sit velit omnis sit. Placeat excepturi quas quo quia facilis et mollitia.','7961392116553',4049.95,4),
(1531,3,'xzokm 84557','Facere et error quo. Quis fuga magni veniam nulla impedit qui non. Explicabo autem error porro nobis eius ut culpa. Maiores quisquam accusantium quo harum sint.','9943868902783',200.00,0),
(1532,4,'boozw 64548','Eos illo asperiores rem porro laudantium enim sint. Quod et ullam possimus laboriosam et repellat. Ea et distinctio commodi eligendi. Doloremque suscipit perspiciatis nesciunt eveniet omnis in consequatur.','9018656372717',970.12,7),
(1533,5,'vzccb 88459','Nisi omnis nam alias inventore. Qui voluptatem non dolorum aut nulla ad. Nihil sunt accusamus quis eaque illum.','4751266448803',2844.30,2),
(1534,6,'iftxo 96296','Sint molestias occaecati qui assumenda. Non quia occaecati molestias similique voluptatem. Eum a omnis alias et amet et.','8082337289145',3563.91,6),
(1535,7,'ojvet 23556','Accusamus qui esse delectus excepturi fuga. Qui veniam ut provident eum. Voluptatum assumenda quia facilis qui qui consequatur. Est cum laborum temporibus assumenda pariatur quos maxime.','0333310005602',4211.53,0),
(1536,8,'zckjo 62681','Enim dolorum non culpa omnis dolorem provident. Minus tenetur vero dolorem non eos.','6167029435801',4674.32,7),
(1537,9,'burwv 20474','Aliquam a officia voluptatum sunt qui distinctio ut. Et porro quia ut. Cumque vel occaecati provident explicabo laboriosam odio est. Iusto aut temporibus odit omnis est quae inventore ut. Quibusdam consequatur facere placeat odit.','1047554462013',1300.03,1),
(1538,10,'txpwj 66215','Dignissimos aspernatur magni qui debitis. Culpa et facere recusandae nesciunt quasi dolorum. Dicta sint voluptas perspiciatis nulla.','5163435885781',1782.70,1),
(1539,11,'icpnk 93079','Ut odit accusantium voluptatem amet numquam voluptatum voluptas. Aliquam molestiae beatae totam aliquam. Provident expedita qui facilis beatae.','5519232899429',3258.19,4),
(1540,12,'niegq 99649','Modi voluptatem animi qui velit. In culpa reiciendis consequatur eius officiis. Earum voluptatem vel debitis porro.','2841311502689',3476.88,7),
(1541,13,'dlxqb 18989','Occaecati numquam doloremque dolor corrupti aspernatur animi. Reprehenderit eum sint aperiam quod in. Eius et quasi asperiores assumenda non.','4054104602680',346.00,9),
(1542,14,'suzna 15356','Quasi suscipit sunt et enim. Consequuntur ut molestias similique in laudantium adipisci architecto. Molestiae et laborum qui inventore voluptatem culpa. Porro iure consequuntur id repellat facilis. Quia laudantium possimus qui cum error.','5445922999493',3007.60,4),
(1543,15,'htsgl 47716','Omnis ut asperiores doloribus aut nemo. Qui accusamus aut aspernatur animi nulla nihil. Deserunt excepturi aut impedit minus.','7832613155050',1322.56,5),
(1544,16,'strtp 96736','Voluptate et aut in sed. Nemo ut porro sit sit. Mollitia commodi quam natus provident. Cum est rerum rerum error vel incidunt.','9998885704391',4473.13,2),
(1545,17,'gprrv 74173','Et eos quis at aliquid ipsam. Perferendis sit optio et quia. Asperiores inventore aut quia nihil nostrum aliquid cupiditate. Deserunt consequatur delectus aut. Tempora delectus est maiores harum aut illo ut.','2962078565172',4673.04,3),
(1546,18,'zvyts 84846','Qui cupiditate quo quo debitis quidem reprehenderit earum maxime. Quis ipsum nemo eos in. Reiciendis veniam et dignissimos quo. Corrupti corrupti fugit ea quae. Et aut sit facere commodi voluptatibus ullam voluptatem.','0451194541686',921.22,3),
(1547,19,'hatgr 82217','Et non quibusdam autem in. Non rerum sequi enim quasi non iste. Illo voluptates nisi dolorum at aliquam quam.','2348859459890',1824.20,7),
(1548,20,'fpxde 37450','Porro amet animi dolor et consequatur. Inventore sed ratione molestiae quo itaque. Accusamus quis qui mollitia a ducimus blanditiis sit. Distinctio illo dolorem velit ea.','9715620618863',4505.99,2),
(1549,21,'calpg 98945','Deleniti impedit explicabo facere et dolor. Iure velit voluptas dolores minima. Quisquam dolore deserunt nemo in vel. Veniam modi officia nemo qui maiores.','4186645224448',94.68,0),
(1550,22,'bqydt 04707','Aut itaque nemo reiciendis laboriosam aspernatur. Omnis est provident ut. Nihil explicabo est quaerat et.','5530386912864',1468.96,9),
(1551,23,'rymnv 06441','Nihil rerum facere quidem quibusdam ipsa maxime. Exercitationem atque quisquam deserunt. Numquam nihil velit quas accusantium. Cum omnis perferendis voluptatem veniam expedita quasi et voluptas.','1078866866985',103.13,4),
(1552,24,'nwssl 57450','Architecto aliquid vitae voluptas distinctio deserunt. Consequatur eveniet harum sint rerum qui est.','6044837840723',3180.57,5),
(1553,25,'rcjfe 79373','Quibusdam nemo voluptatum in quo aut est. Consectetur architecto nisi animi similique. Dolor consectetur itaque voluptatibus esse est vero sed. Quis repudiandae eum nihil et delectus minus.','2448822330420',3199.15,8),
(1554,26,'gbpgn 35011','Hic recusandae animi non facere illum ducimus tempora. Molestias repudiandae commodi eos amet explicabo culpa. Culpa velit et officia eos iste et rerum. Voluptas ad et quidem aut ipsum.','5582086767879',2482.06,1),
(1555,27,'pylxi 40013','Facilis cum ut rerum dolor voluptas aut. Dolore ut dolorem et et. Accusamus atque harum exercitationem possimus officiis voluptatibus rem autem. Temporibus tempora amet ducimus deserunt iure.','8383864627746',3857.41,7),
(1562,1,'ljxbw 48388','Ipsum unde iste eos debitis officia mollitia. Minus odio porro ut facilis hic quo sit accusamus. Rerum odio voluptates veritatis qui omnis tempore cumque neque. Accusamus quo esse ea deserunt ab.','3847129899040',133.59,2),
(1563,2,'xzvji 15330','Enim sunt aliquam sed et alias nihil aut. Accusamus est doloremque animi. Est possimus alias impedit nisi suscipit voluptate occaecati. Molestiae quia eum et velit.','4305858979901',3485.82,7),
(1564,3,'gywnw 86747','Natus similique laboriosam totam ab amet tempora. Pariatur molestiae ratione et voluptas. Recusandae deleniti praesentium minus dolorem voluptatem.','5280836453736',1005.29,6),
(1565,4,'rsuiy 10535','Unde cupiditate vel culpa non ut. Totam qui quidem ut ut et.','7165870217712',1966.42,5),
(1566,5,'szpak 93149','Deleniti recusandae pariatur est quo error sint qui. Quisquam esse enim reiciendis vero vel. Cupiditate maxime quo omnis aut. Provident atque suscipit exercitationem sapiente fuga.','3580371880311',824.30,1),
(1567,6,'bwyho 04474','Fugit dolorem minima et est. Ad quia sed qui voluptas. Et quisquam et totam deleniti. Et facere est aut sint est sit eveniet.','5522997643305',4292.49,4),
(1568,7,'txymy 14087','Quos sequi vel enim sint vel. Nisi sapiente fugit adipisci quae.','5440625841865',3954.60,9),
(1569,8,'yqplc 07101','Eum similique repellendus id corrupti. Maiores dolores deleniti quis modi expedita repellendus. Odio et et inventore voluptatem.','0529597590812',841.00,9),
(1570,9,'uogqa 54715','Explicabo veritatis blanditiis dolorum ipsum inventore eius. Qui quas reprehenderit quo unde quibusdam temporibus.','8313390117473',3707.57,7),
(1571,10,'awjlf 59731','Est velit cumque est dolor quas. Deleniti molestiae ut ut rerum suscipit omnis. Corporis modi rerum ad in libero quod vel.','8846676263026',1400.70,8),
(1572,11,'oeheq 37813','Excepturi corporis quas autem consequatur. Omnis dolores assumenda quisquam accusamus mollitia maiores. Non tenetur dolor et perferendis iste ratione. Alias sed maxime et repellendus similique est.','3837959436249',1923.10,8),
(1573,12,'pqvrz 29763','Laboriosam beatae modi provident aut itaque consequatur. Est provident animi labore quae consequatur quos ut non. Itaque exercitationem molestiae dolor quis. Totam maxime deserunt impedit ut.','1628645114617',2110.36,9),
(1574,13,'yyfng 86486','Ut fugit nulla tenetur et aut dolore ipsam velit. Veniam repudiandae accusamus est aut voluptas hic. Iusto nulla ducimus consequuntur unde et sint.','1750550764622',980.00,9),
(1575,14,'wrvrj 28831','Eos at eligendi non quis odit vel. Qui quibusdam quod vel ducimus atque explicabo. Assumenda sequi harum deleniti.','0668563413974',2809.98,5),
(1576,15,'vfqfu 02145','Rem officiis et corrupti nobis explicabo quos ea. Et aut enim ut voluptates et. Voluptas sit modi autem qui.','4921401747362',1658.71,6),
(1577,16,'nnzii 08507','Sint atque aperiam et necessitatibus dolores nisi deserunt omnis. Autem recusandae suscipit soluta tempore. Molestias sunt hic soluta voluptas consequatur reiciendis illo.','7573146054082',4999.87,4),
(1578,17,'ppgot 29853','Iste at ut enim natus eveniet. Minus nisi facilis id culpa. Laudantium voluptatum esse sint odit qui non sed. Velit fugiat molestias nihil aut.','8813000036243',402.95,2),
(1579,18,'pzrtv 54732','Alias voluptatibus veniam similique nam velit aut optio. Rerum odio voluptatem sed sunt aut. Molestias tenetur cum illum rerum quia. Voluptatem nobis odio qui ducimus vero ducimus. Magnam dolores repudiandae dolor quam exercitationem eos commodi quibusdam.','7152922864031',4437.30,7),
(1580,19,'krgmo 82796','Minus architecto autem molestiae perspiciatis. Dolores nihil qui ipsam ea ipsa. Ut esse voluptatibus quas architecto suscipit tempore.','2644937832761',2379.00,2),
(1581,20,'etrpt 06697','Non quia maiores esse dolores quibusdam. Porro quae delectus et dolore tempora. Quidem earum labore vitae et maxime libero. Fuga autem aut suscipit rem est eum voluptatem.','8733879292338',1171.00,4),
(1582,21,'urqnm 71204','Hic tenetur praesentium tenetur facere et. Itaque et officiis eius voluptas atque. Voluptas beatae consequatur corrupti eum magni sint et voluptatibus. Neque tempore omnis ea dolorem dolorum officiis enim.','1604997088752',3678.92,7),
(1583,22,'kjdig 64064','Eius quas voluptas eius maiores. Qui esse aut quibusdam ipsam. Quisquam eaque pariatur totam iure.','7091549028078',3121.32,1),
(1584,23,'viyrp 90254','Minima qui distinctio et ducimus quam. Expedita beatae aliquid porro est qui ab sed. Ea optio itaque laudantium aliquid fuga aut excepturi. Rerum sed veritatis consectetur molestiae quia laborum veniam.','6274644509654',1627.40,2),
(1585,24,'zvvfe 08490','Aut quo omnis aut voluptate suscipit. Molestias tenetur et adipisci aut. Aspernatur illum veritatis pariatur aspernatur.','0914699306230',4856.50,3),
(1586,25,'jnsuh 41268','Fugit rerum possimus corrupti. Vitae quam quis aspernatur laboriosam recusandae consectetur. Maiores labore ea ratione facere est dolorum. Autem occaecati consequuntur a porro veniam a reiciendis. Illum modi ab et.','9237886177132',309.85,1),
(1587,26,'fkmwb 29721','Eos ducimus pariatur illum rerum error vitae. Perferendis voluptas fuga et corrupti quia quia non. Labore amet aut recusandae dolorum saepe autem voluptatibus.','1848684892066',4440.52,0),
(1588,27,'qmilv 09829','In a quae consequatur voluptatem atque voluptatem tempora earum. Dolor quia dolores neque maxime at odit eos. Ea sint ad dolor incidunt harum veniam sint. Aut rerum porro est.','3894731884933',4206.39,2),
(1595,1,'fmrby 36703','Velit ut quisquam non hic. Iste ut dignissimos qui repellat ad et consequuntur natus. Fugit quo sint perferendis qui deleniti eveniet ullam.','0661229173342',230.35,2),
(1596,2,'obigf 84707','Dolor provident qui necessitatibus aut nam ipsum quo doloribus. Quas provident nihil nostrum consectetur eos nostrum excepturi. Est quas id dolorem consequatur et ipsam ut doloremque. Exercitationem fuga autem quaerat. Recusandae assumenda commodi sed ea nesciunt.','8798990752673',3251.00,5),
(1597,3,'qnfhf 72046','Ut repellat dignissimos odit vel reprehenderit consequatur. Adipisci commodi aliquid sit eligendi optio. Non dolor voluptatem pariatur est illum.','0718050657821',3029.00,8),
(1598,4,'bwwzd 05556','Est aut id repudiandae omnis deserunt. Dicta qui quia eos sunt nisi id aut rerum. Sed nisi aut assumenda temporibus temporibus. Accusantium voluptatibus est maxime occaecati est.','4785028088341',3022.12,9),
(1599,5,'oldqh 41630','Porro corrupti unde cupiditate. Saepe et id perspiciatis quidem.','5608334635407',501.40,3),
(1600,6,'fxfpq 82238','Aut illum quis sint ut. Expedita quia tempora dolor et. Earum harum velit est qui.','9428377957214',1937.00,2),
(1601,7,'huena 96906','Laudantium ea distinctio molestiae aut occaecati. Molestiae soluta quae qui corporis voluptas magni. Ut ab nihil omnis consequuntur maxime. Ea velit eveniet magni ipsam.','0837695384685',4821.97,6),
(1602,8,'dqenr 99726','Eveniet vitae aliquam eum occaecati enim. Velit tempora qui repudiandae cum. Quaerat cum iure amet et eligendi numquam.','5881354672816',4782.85,5),
(1603,9,'bxvjj 17235','Fuga eius aut ea animi voluptas praesentium. Dignissimos odio quo natus aut aut dolorem et voluptas. Est sunt velit fugit et. Qui sunt autem vel quibusdam vero eius illum.','1278943120591',4237.26,6),
(1604,10,'xrjrx 89025','Repellendus id et ut adipisci enim harum deserunt. Dolorem necessitatibus at veniam et assumenda quae molestias. Laudantium quae beatae optio praesentium. Quas molestias quo dolorem ut.','8710916351845',2790.58,6),
(1605,11,'oqgdz 38506','Natus sed voluptas assumenda officia delectus ex cum. In et molestiae occaecati similique aut. Tempore rerum ea ut illum. Dicta animi consequatur vitae quidem omnis. Fugit sit consectetur dolore.','7451306718275',3115.33,8),
(1606,12,'ndeww 74614','Corrupti quisquam voluptas quisquam sed quia nulla voluptas. Et dicta asperiores dolor harum ducimus. Illum sint tempora voluptatem qui non deserunt ipsum voluptatem.','5695376188879',563.00,6),
(1607,13,'uzmvn 61561','Id quia optio ex amet. Excepturi et aperiam expedita doloribus qui. Nihil totam eveniet non non nihil ea. Assumenda fugit tenetur consectetur ipsam.','0268891829432',3896.37,5),
(1608,14,'bpgoe 95921','Suscipit occaecati et eos iste enim. Est dolore aperiam nesciunt. Esse laborum aut occaecati aperiam consequatur consequatur. Facilis deleniti et voluptatem perferendis voluptatum deserunt dolor.','8544144906665',2129.27,4),
(1609,15,'dfzwh 85846','Et error esse facere et laborum qui et. Odio laboriosam eaque distinctio magnam in eligendi. Pariatur voluptatem consequuntur quidem rem voluptas quaerat voluptas.','2494951542104',4221.44,8),
(1610,16,'xacpo 84808','Impedit culpa labore officia ut. Velit in iste dolores dolorem sunt atque.','1978264146606',3924.18,9),
(1611,17,'hzhkc 66957','Et maxime at voluptatum eum cupiditate et rem. Nihil dolorem non nam reiciendis. Corporis cumque voluptate soluta aperiam. Omnis quo cupiditate cum rerum cumque possimus.','7549724723169',2819.30,9),
(1612,18,'vcjlg 38973','Non vitae qui adipisci. Officia qui in quas neque iste. Autem at eum aliquid aut dolorum reiciendis ab. Quia earum hic non porro officiis.','0035612740297',4259.78,5),
(1613,19,'oxivc 62425','Sequi quos vel dolor facere eum possimus. Voluptatibus excepturi occaecati in ut. Magni culpa deserunt et molestias. Excepturi voluptatem omnis quae commodi laudantium aut nihil.','8877198276485',73.07,6),
(1614,20,'ktsad 04751','Perspiciatis corporis nihil qui perspiciatis porro non. In voluptas officia dicta et est placeat. Aut deserunt explicabo autem et quia aut aut.','9451219193228',2356.89,9),
(1615,21,'jxnci 76152','Reiciendis illo et ut earum repellendus voluptas. Sed illo ea qui rerum. Voluptatibus harum rerum voluptas blanditiis et magni.','1022698120890',4561.04,9),
(1616,22,'nihbv 97158','Ad nesciunt nisi iure cum consectetur. Placeat id qui nisi illo labore voluptas. Aspernatur aut et eos minus quisquam unde est nobis.','0469956114542',4124.40,8),
(1617,23,'qfyic 02131','Omnis omnis nostrum omnis amet error tenetur soluta molestiae. Aut magni in asperiores aut molestias sunt aut. Sint beatae fugiat qui eaque quis sunt. Provident provident delectus est et ipsa dolor.','9345425424699',3947.37,4),
(1618,24,'bhrwg 42865','Aut ipsam dolorem odio inventore consequuntur. Asperiores aut quam soluta. Sit exercitationem et dolorem itaque est quod nisi voluptate.','5980378330556',1525.40,1),
(1619,25,'udhui 31210','Voluptatem velit est consectetur eius nobis. Dicta voluptas voluptatem harum tempore.','3477292110798',3442.78,5),
(1620,26,'mrfcv 71510','Incidunt molestiae qui hic deserunt. Molestiae omnis consequuntur est eum.','8960145892811',3709.60,1),
(1621,27,'sadhs 84041','Et minus nihil voluptates et tenetur amet. Nihil doloremque distinctio nemo non et pariatur ipsam tempora. Impedit excepturi dolor eaque maiores ullam.','0589565800886',3151.00,4),
(1628,1,'fvazs 96411','Ut enim qui harum dicta. Veniam voluptas nemo ut. Quo facere aliquam deleniti tempore. Doloremque et iusto architecto qui asperiores eos. Totam saepe et dolores debitis quidem qui consequatur.','2087618273567',3957.00,9),
(1629,2,'wxtvc 55949','Cumque repellat nihil consequatur minus beatae adipisci ea. Commodi assumenda velit quia est. Ut commodi voluptate numquam ratione autem. Repudiandae impedit laudantium mollitia. Qui recusandae eum unde quos.','4157540417327',4959.41,4),
(1630,3,'qfoay 56982','Vitae fugiat enim ut odio est. Quidem et laborum quod. Doloribus et rem ullam illo autem eius qui. Praesentium dignissimos suscipit officia expedita accusantium laboriosam.','0723434253964',4089.70,7),
(1631,4,'nnyrk 57962','Dignissimos sunt voluptates maiores praesentium commodi et recusandae. Et quo dolores consequatur. Dolores quia dolorem quia ex. Harum inventore sit autem eum odit natus alias ipsa.','0034316201387',4946.80,2),
(1632,5,'oeiwc 82144','Recusandae et sint enim placeat. Illo doloremque fuga quia eum. Et rerum quibusdam quia modi perferendis adipisci.','8346358313259',2681.50,9),
(1633,6,'gudsj 81851','Aut earum quas ipsam dolorem sit. Aut vero similique illo repudiandae ut aut ea. Voluptatem non id veritatis ut temporibus soluta consectetur omnis.','2589402602268',517.12,9),
(1634,7,'rghot 48919','Maxime labore omnis nisi sapiente sed. Sunt dignissimos rerum praesentium unde cupiditate ut quae. Sed expedita qui est qui similique aut est nemo. Ut aliquam nemo facilis dicta ipsum.','1872774294836',4749.43,9),
(1635,8,'rdsxn 89109','Dolorum voluptatibus cumque recusandae consequatur. Illum in quis voluptatem et blanditiis. Non neque magnam eligendi molestias et recusandae dolorum voluptas.','3155201878815',370.21,5),
(1636,9,'dkllc 05522','Expedita ea itaque dicta voluptas voluptas. Dolor nemo aspernatur magni fugiat fugit voluptas. Facere unde quae autem minus est iusto. Cum cupiditate labore mollitia voluptatum voluptate nesciunt.','0055523826064',3639.20,7),
(1637,10,'zoyhw 95302','Ut quae laboriosam sit et tenetur. Nulla eum perferendis officiis architecto ut nesciunt debitis. Mollitia itaque recusandae et omnis illo cumque. Nobis nostrum officia impedit est.','8169439058227',4206.56,6),
(1638,11,'nuyge 21082','Aut voluptatem enim pariatur. Illum molestias magni possimus qui. Rerum et accusamus sed minus ducimus.','1488777590754',1973.00,3),
(1639,12,'bwdpi 47416','Qui nostrum minus dolorem error. Quos similique rerum tenetur nisi. Deleniti ex debitis dolorem sint voluptatem sequi iure.','8040920143953',133.00,7),
(1640,13,'bykzr 42996','Eveniet ut mollitia ut distinctio odio optio et. Repudiandae nobis voluptatem rerum quo enim autem. Aut enim cupiditate libero rerum nisi nemo.','2561280838687',3422.51,5),
(1641,14,'gebdh 05331','Et doloribus nihil dignissimos nostrum alias perferendis at. Laboriosam ea quis dolorem saepe. Sapiente voluptatum in inventore odio soluta facilis fugiat voluptatem. Voluptas exercitationem non maxime nostrum.','1437353634856',4120.22,6),
(1642,15,'ifzhj 57241','Quis aut eum necessitatibus impedit voluptatem. Odio sequi voluptatem sed et consequatur qui. Aut odio nulla vitae dolorem magni perferendis.','1411597422271',2006.30,4),
(1643,16,'xerxt 78346','Eum veritatis reprehenderit iusto quasi nostrum dolorum ut. Id pariatur ut quod saepe distinctio. Consequuntur ullam sit dolorum repudiandae et.','2212992400395',3145.50,1),
(1644,17,'htqyr 57215','Libero quibusdam harum dignissimos nam accusantium repellat ullam. Dolor vel minus rem perferendis aut. Ut consequatur et quo odio omnis. Dolores distinctio ut incidunt soluta nulla labore consequatur.','9402890884424',3019.27,7),
(1645,18,'gqdgt 00148','Aperiam doloremque eum facere velit voluptate molestias quos. Iusto eligendi accusantium veniam dolorum et. Fugiat distinctio repellat minus nihil. Est et possimus molestiae maxime.','8835496133244',4076.00,7),
(1646,19,'iobyy 75943','Quis dolorem enim quidem ea non voluptas. Aut qui ipsa praesentium ipsum sit qui pariatur. Sapiente laborum aut beatae minima. Repudiandae quidem porro ipsa.','6943739470093',3624.93,1),
(1647,20,'rkgzo 20867','Sapiente adipisci voluptas iure neque tempore rerum ipsam. Ut exercitationem nesciunt ipsum in hic rerum nobis non. Quas quia qui sit ut odit qui non. Architecto et sit dicta et vero.','2488458325650',3819.54,7),
(1648,21,'gemkt 69135','Laborum in impedit saepe et. Aliquid possimus voluptatibus delectus enim dolores eos. Omnis deleniti delectus autem dicta incidunt similique.','4250395185738',556.30,0),
(1649,22,'ipfsv 43481','Temporibus quis veritatis accusantium qui. Expedita saepe quia modi corrupti. Sunt molestias recusandae cupiditate. Amet repudiandae voluptates illo.','2465034289230',4061.48,5),
(1650,23,'jbtox 49653','Numquam voluptas veniam quos sequi velit. Vel praesentium vel molestiae consectetur molestias. Possimus ipsam molestias blanditiis sequi minus ea exercitationem.','2269120176301',4883.20,9),
(1651,24,'fvtyb 45777','Rerum aliquam dolorem quae quibusdam. Dolores enim molestiae iste repellendus aperiam laudantium. Incidunt et et qui et dolores commodi corporis. Alias est voluptatem vero illo nihil.','4256247699927',2444.65,6),
(1652,25,'lwhre 83176','Laudantium quia consequatur rerum quis. Ea aut non eveniet aperiam. Corporis voluptates natus saepe.','5158272913414',767.63,4),
(1653,26,'cdqxs 68578','Minus repellat est rerum blanditiis reprehenderit. Eaque labore aspernatur necessitatibus cum aut qui. Sapiente delectus nemo qui laborum. Magnam nam fugit fugiat accusamus.','0342503983290',4244.60,0),
(1654,27,'nmnri 58050','In voluptas vel omnis sint cumque dolore eum. Qui vel excepturi culpa eaque quos.','3756317864350',299.11,9),
(1661,1,'ekygv 55214','Ipsam maiores nisi at et ad totam qui. Et rerum dolores et accusamus magnam iure aliquam. Nihil excepturi eius sed magnam ipsa molestias. Molestias soluta dignissimos quasi aperiam a in.','3372881390547',3475.78,6),
(1662,2,'eegjy 04058','Magni inventore sit est ipsam exercitationem sit enim. Minus totam placeat iusto. Eum nemo delectus consequuntur. Error est officiis incidunt fugiat aut.','4280782676747',3579.07,7),
(1663,3,'bjbcg 90176','Libero voluptas aut dolores et ut dolores officiis. Non voluptatem quis iste libero. Hic earum rerum atque officiis nulla excepturi.','9367993364405',2231.51,3),
(1664,4,'gbtwl 68467','Adipisci ipsa illum repudiandae impedit id fugiat minima autem. Qui porro qui ea minus. Enim et facere et voluptates qui.','6898513662488',2450.31,0),
(1665,5,'hjcte 90947','Quibusdam recusandae rerum sint ut quidem. Ratione asperiores et maiores incidunt recusandae excepturi est. Consequatur iste animi dolorem nam est aspernatur.','5162602260345',918.40,2),
(1666,6,'cvrlj 62207','Doloribus dolor ea aliquid quisquam. Blanditiis ipsa aut veritatis sit qui id nobis. Odio atque deleniti consequatur cum molestiae. Saepe voluptatem quia sunt dolorem.','6377381204650',3124.95,5),
(1667,7,'rpeat 94611','Reiciendis in doloribus error rerum. Et ipsa quod est ipsum officia corporis quidem consequatur. Unde vel et quas ut.','8126410725677',2805.52,1),
(1668,8,'mivkv 11819','Beatae nobis vel a magnam omnis. Laudantium ullam tenetur rerum temporibus voluptatem vel exercitationem. Quia aut quae et id ex dolor. Voluptatem vero doloribus labore laboriosam. Aut et dolorum assumenda in.','4259356367725',303.00,3),
(1669,9,'htyvp 19789','Quibusdam accusantium omnis optio ut asperiores eum ex. Dicta sequi quia consequatur pariatur. Modi provident nostrum quaerat quam harum ea fugit. Accusantium rem modi delectus nihil temporibus excepturi expedita.','6277130056205',4318.24,3),
(1670,10,'smmvg 66956','Occaecati exercitationem unde reiciendis facere aspernatur maiores. Rerum vel sequi nulla. Molestias tenetur quibusdam natus voluptas reiciendis similique cumque omnis. Hic iste quo quasi labore tempore ipsa occaecati sed.','1633255033180',1215.00,2),
(1671,11,'icmjo 46174','Est fugit et id ratione dolor temporibus et. Ullam quia aut totam ea architecto possimus. Est nesciunt labore eveniet est vero. Non odit sunt ipsam doloribus et.','0428220807351',153.92,0),
(1672,12,'iqpaw 67625','Assumenda sint libero non maxime esse libero deserunt. Eos autem exercitationem dicta ex quaerat aut commodi. Distinctio ut sed sapiente dolores ducimus. Harum delectus est harum. Aliquid ullam non officia enim.','7036478843545',78.29,4),
(1673,13,'mhaqb 05116','Sit quae voluptatem ad temporibus mollitia. Veritatis quas eaque et ullam. Molestiae sed quo temporibus dolore necessitatibus.','1986215638902',2256.21,6),
(1674,14,'upwmb 58596','Quam consequatur porro odit similique. Impedit nihil corrupti quia maiores eos sit ad.','0293630990241',2899.36,6),
(1675,15,'xurst 73659','Et dignissimos in voluptatem rerum nesciunt sit. Dolores at non quis sint fuga quae. Autem voluptatum consequatur quia aut.','5591840196756',2534.69,0),
(1676,16,'slkoc 02515','Voluptatem commodi incidunt adipisci et tenetur. Hic quod in suscipit. Atque numquam consectetur aut et excepturi atque placeat.','7245230246283',4280.82,8),
(1677,17,'yudkd 07501','Harum ut sunt ipsa vel numquam aut quis. Est aspernatur praesentium voluptas. Quam esse sit veniam adipisci commodi vel voluptas. Quibusdam sed labore mollitia veritatis cumque in esse.','7022754738773',766.73,6),
(1678,18,'hsphi 62760','Id minima non autem dolor sunt. Et eum praesentium amet nihil aspernatur. Mollitia dolor itaque nostrum deleniti.','5985862631973',3951.00,6),
(1679,19,'duzpc 09574','Neque voluptate consequatur sed eos dolor est omnis. Laboriosam pariatur necessitatibus dicta perferendis pariatur hic earum. Dolores qui dolorum maxime.','9859996299698',4413.98,0),
(1680,20,'uiwnu 27603','Beatae voluptatem natus iure ut sint in. Aut quos quam praesentium esse ea ad. Occaecati quae nesciunt velit illo et neque omnis. Doloremque at nam omnis asperiores esse sunt.','6581286102663',3777.66,9),
(1681,21,'wlrwb 18695','Quas aut nemo beatae soluta exercitationem. Eligendi voluptate fuga sed modi consequuntur voluptatibus molestiae. Necessitatibus veritatis velit reprehenderit eius.','1059936967603',1871.70,4),
(1682,22,'iqkka 07120','Praesentium dolore et non officia quam fugiat aut nulla. Maiores voluptas repudiandae et impedit.','2791881352835',1432.00,5),
(1683,23,'waksx 56864','Suscipit dolorum quibusdam eveniet eum. Inventore consequuntur ut ullam. Voluptates inventore assumenda ipsam nemo magnam earum occaecati. Error qui temporibus et explicabo.','2794269489468',932.85,8),
(1684,24,'otpso 03826','Quidem velit dolores qui dolorem. Labore tenetur praesentium consequatur dicta. Omnis officia eos explicabo provident quasi in reiciendis. Eaque dolorem perspiciatis officia omnis sit.','6200067423499',3675.49,5),
(1685,25,'wvdif 61824','Molestias autem et eos molestiae. Quia aut aut aperiam voluptas. Et explicabo voluptatem sit odio ullam.','8401235910584',3507.00,6),
(1686,26,'ndgyw 58096','Eum iure aspernatur repudiandae occaecati. Velit perferendis similique sit recusandae. Doloribus fugit est necessitatibus ducimus ut et quo. Illo nisi nesciunt nihil alias.','3917337110555',1564.50,6),
(1687,27,'vhtpv 30924','Laudantium aut commodi ea aliquam. Sapiente voluptas itaque numquam tenetur quos. Dolore quo ducimus minus quos facere aut et. Illo et tempore cumque nisi quae et. Hic quis assumenda quis laudantium pariatur.','1532387264663',3310.63,2),
(1694,1,'varrh 23001','Delectus modi doloremque debitis. Nulla voluptatem sed doloremque. Velit rerum earum exercitationem voluptas ut hic eos.','7145052896027',1629.00,4),
(1695,2,'xvton 13650','Cupiditate consequuntur ullam eligendi eum laborum. Et qui possimus et aliquam aut rerum. Dicta cumque impedit quis velit at voluptatem. Repellendus fugiat libero omnis et vel.','7128781753434',2053.23,6),
(1696,3,'opizp 63912','Velit ad vel sint facere voluptatem. Quas eum perferendis adipisci. Ut incidunt quos quo voluptas totam. Quia delectus ex maiores atque.','3267105218083',1978.05,6),
(1697,4,'csmsg 65718','Itaque et necessitatibus esse aut omnis nostrum qui rerum. Non labore vero eaque facere. Ut nihil sit ut error.','6209536797130',377.64,8),
(1698,5,'iugwp 00442','Labore quam nemo reiciendis rerum et cum id. Rerum est doloremque voluptas recusandae quia quis est. Provident iste debitis voluptate qui quibusdam optio quia et. Dolores quia vero dolorum quo.','6665201416483',1450.07,2),
(1699,6,'dlcpi 27571','Est autem reprehenderit voluptatibus molestiae libero. Debitis et voluptatem inventore facere. Excepturi sint quo enim doloremque eum nisi. Dolores facere quia quisquam et quas dignissimos doloremque mollitia.','7012024526964',4776.07,3),
(1700,7,'zajki 62044','Facere omnis a quia ipsa. Dolores qui maiores ratione earum fugit et dolorum. Impedit et et asperiores vel commodi. Et numquam consequatur voluptas error incidunt nemo consequatur. Aut quisquam aut sed qui quo facilis quidem.','6326516125742',2406.10,2),
(1701,8,'pafki 09501','Quia eum temporibus repellendus adipisci eum eaque non est. Distinctio sint quam nam temporibus sunt et autem. Et et rerum dolor consectetur voluptate voluptatibus fugiat. Quas provident in aut perspiciatis in et.','5800215436688',1091.62,7),
(1702,9,'fqpvq 93036','Sit nisi ipsum rerum laborum minima nulla error. Illo molestiae iste veniam quidem. Necessitatibus cum nam dignissimos quae inventore occaecati tempora.','0039342862359',336.33,5),
(1703,10,'aqjem 89624','Vitae iusto nihil sit aut temporibus incidunt iure. Reiciendis perspiciatis eligendi similique quasi. Tempora sit autem ut nobis. Sint est quia sunt aut culpa et.','3819697966622',59.09,9),
(1704,11,'fdgcj 24981','Qui dolorem quis in voluptate eum laborum amet eos. Molestiae nulla alias magni.','6257238500299',1330.87,4),
(1705,12,'sukam 01295','Ea eaque aspernatur dolor rem. Aut ex qui ut et cupiditate. Debitis et at provident beatae necessitatibus sequi accusamus. Dolorem inventore vel voluptates ab aut aut.','9919165045270',4617.50,4),
(1706,13,'hwmkh 25590','Recusandae incidunt quia voluptatem rerum provident. Excepturi recusandae ratione sed architecto. Sed quisquam est nisi. Aut sint alias cumque maxime ut in.','7519448785743',3374.56,0),
(1707,14,'forbu 92341','Qui quia assumenda vitae magnam impedit eos. Vel eligendi quisquam inventore vel. Dolore quia qui facere aut eos et. Non atque itaque et non non.','0095155320431',890.49,8),
(1708,15,'othhf 88520','Praesentium culpa mollitia sed nisi provident molestiae. Ad odio est atque nesciunt voluptatem. Voluptates est non excepturi nisi quo soluta. Dolorem labore tenetur voluptas dignissimos ut accusamus dolores.','8540113793892',2277.00,9),
(1709,16,'ziuum 78807','Harum sed vitae earum omnis laborum ipsum eum. Qui delectus sit et sapiente distinctio necessitatibus amet quod. Aliquid quia harum quia officia numquam facere a qui.','8112776558592',4261.85,4),
(1710,17,'fxphm 50278','Consectetur officiis exercitationem voluptas voluptatibus qui. Temporibus totam incidunt earum tenetur. Consequatur sint omnis quod rerum numquam molestias. Pariatur repudiandae in cupiditate et ipsam harum.','6709714952691',2433.39,9),
(1711,18,'tadtl 73858','Nam quisquam sit qui fugit quae possimus. Laboriosam ea tenetur beatae molestias tenetur blanditiis. Quia et molestias quos tempore magni ipsum. Laborum ut nesciunt corrupti enim amet.','4443528544902',4297.13,1),
(1712,19,'rskzt 59858','Facilis est quia facere. Voluptatum neque asperiores rem animi ad quasi quo. Consectetur odit recusandae ea corporis. Non similique nesciunt autem dolorem quia iure.','4339105132429',2599.84,0),
(1713,20,'atkcd 06652','Dignissimos velit aut enim assumenda cumque pariatur repellat. Laborum consequatur sunt culpa et. Consequuntur eum assumenda itaque culpa.','1458334332004',3359.56,3),
(1714,21,'irqmc 72400','Quis eius laboriosam aut sit iste. Velit quaerat nihil amet magni hic odio voluptatem laboriosam. Sed expedita laboriosam quidem quia soluta molestias amet ducimus. Quos quis repellat aut officiis.','7554452574365',4798.22,0),
(1715,22,'ewpds 00928','Voluptatem et ut libero reprehenderit quis ea. Est qui porro voluptatem culpa. Nihil omnis autem voluptas officia facilis dolorem ut.','2749454729508',1922.99,1),
(1716,23,'oequp 58949','Aut alias earum et eum. Debitis velit eum dolores reprehenderit sequi eos. Asperiores atque sed facere et nobis nihil rem. Rerum omnis omnis mollitia dolores eius reiciendis mollitia.','6853990177085',113.66,6),
(1717,24,'jyaaj 63507','Architecto quia excepturi quo et. Et et eum aut provident non neque.','1812886669665',4502.84,0),
(1718,25,'ouelv 64320','Et eveniet ab fugiat dolore exercitationem occaecati enim fugit. Asperiores veritatis est numquam culpa. In dolore quia blanditiis praesentium quis ea. Sapiente dicta totam aliquid et aut.','1557779416628',3301.60,6),
(1719,26,'piotk 47747','Aut laudantium debitis quia totam. Aperiam quia aperiam hic vel dolore omnis rem.','3286728851507',1702.53,2),
(1720,27,'koiqn 46284','Doloremque excepturi blanditiis sint corrupti ullam. Nisi non quis ab ut. Aut commodi enim porro est libero et nemo. Provident dolorem possimus cupiditate culpa explicabo excepturi.','8343886472762',2087.86,1),
(1727,1,'uvspb 11546','Vero ut accusantium sequi nobis. Inventore nulla voluptatem ullam quasi. Quisquam asperiores nobis ratione in maxime atque beatae. Nostrum corporis ut at.','5608505427312',1771.84,9),
(1728,2,'whtpy 68181','Voluptatem et dicta fugiat facilis. Magnam cupiditate distinctio nulla sequi id architecto animi. Adipisci omnis ea sint asperiores eaque. Dicta voluptatem et ea tempora veniam minima.','2706958667828',4522.43,5),
(1729,3,'ldxcg 53255','Dolores animi ad et qui animi. Velit eum quidem corrupti dolorem. Distinctio modi voluptatum deserunt placeat sunt. Porro voluptates modi repellat beatae.','8108544895068',4199.81,1),
(1730,4,'mhtpb 16486','Corporis repellat vitae quo minus culpa. Inventore aut cumque vel consequuntur iste. In rerum tempora ea laudantium nulla. Vel est eveniet ea voluptates vero et.','0038956689291',4416.00,8),
(1731,5,'thjyw 70269','Deserunt iste omnis odio. Laudantium reiciendis id aut possimus aut deleniti. Exercitationem sequi eius id pariatur et molestiae occaecati.','5571127068112',3952.65,2),
(1732,6,'vtgqs 44548','Maxime veritatis autem non saepe architecto. Et incidunt dolorem aut. Quam soluta id labore quae qui veritatis id voluptas.','0304435865839',830.00,3),
(1733,7,'rcgpg 20670','Cumque vitae quia commodi. Voluptate et vel et rerum expedita sint est. Sunt qui eaque nobis et doloribus vel.','9636902362734',3233.61,0),
(1734,8,'aqdpd 33661','Est et hic voluptatem debitis enim iure consequatur. Maxime ipsam qui vitae iusto optio sed. Sit doloremque ut sequi totam. Magnam quod sunt expedita itaque itaque ea corrupti.','1070530025070',2844.36,8),
(1735,9,'qsklf 44576','Qui aspernatur dignissimos voluptatem ducimus. Minus saepe voluptatum sed dolorum doloremque quos aut.','8447231845888',1038.50,8),
(1736,10,'lteaf 30781','Praesentium voluptatem veniam consequatur et. Odit nisi laboriosam quidem voluptas nobis et aut et. Deserunt quia vero sit architecto quas ut et.','1847448488491',2982.84,7),
(1737,11,'vcroy 72933','Sit numquam dolor ad molestiae. Inventore nihil eum sunt ipsa asperiores qui voluptatibus. Mollitia vel officia voluptatem nisi consectetur voluptates.','1206638426529',4264.92,1),
(1738,12,'dtgtl 90798','Architecto quia adipisci quia officiis et soluta. Incidunt ipsam velit voluptatem ipsam velit voluptatibus. Et sed molestiae aut minus est.','7263848908508',1112.48,6),
(1739,13,'zrthj 32036','Omnis hic quidem animi provident ex voluptatibus ea. Impedit et voluptate omnis illo eos. Iste hic sint autem deserunt distinctio eius voluptatem dolor.','1847318720546',3356.18,8),
(1740,14,'kcsrk 68023','Hic et fugiat quis quod vel voluptatibus non quasi. Quos et dolorem architecto neque. Consequuntur quia tempore impedit. Repudiandae enim non dolorem laboriosam reprehenderit.','5384228996143',1420.00,9),
(1741,15,'loxqv 87257','Voluptas error est omnis ad nisi quia. Odit quam occaecati non deleniti. Ut explicabo consequatur officiis laborum sit autem assumenda accusantium. Sed tempora praesentium natus sunt.','9771316076669',1547.14,0),
(1742,16,'vquor 96287','Voluptatem quis rerum qui ut sapiente. Voluptatibus aut dolorem ratione quaerat nihil rerum. Molestias rem velit veritatis veritatis voluptas iste eos. Sed vel a quia ipsa esse.','7173609722390',4225.17,2),
(1743,17,'shvum 61110','Qui qui et omnis corrupti. Recusandae eaque ipsa mollitia. Alias et harum rerum facere accusamus.','5775102323344',3084.50,2),
(1744,18,'wpzya 89923','Itaque molestiae fugiat aut sit. Et ea sed quaerat consequatur hic. Sed dolorum et sed amet debitis et amet.','2399416003803',2023.40,7),
(1745,19,'eolen 16273','Nesciunt amet ullam perferendis dolorem eveniet. Et cupiditate minus laudantium recusandae quis.','0633593434121',1869.00,8),
(1746,20,'tkpxm 24820','Et eaque sed voluptatem optio. Quaerat vel nemo dolor sed. Quaerat molestias deleniti veniam cumque eaque. Officiis minus recusandae sint accusantium.','3484594074413',4555.73,2),
(1747,21,'ghbzp 45345','Dicta quae voluptas praesentium illum odio. Saepe amet necessitatibus sit odit. Illum eligendi qui asperiores qui at. Enim officiis in minima possimus ut recusandae beatae.','0405592817164',4513.74,2),
(1748,22,'aumxb 72453','Ut occaecati recusandae deserunt neque iusto fugiat. Neque quia delectus non explicabo. Et quam magni quos voluptas sed ut eveniet. Et rerum possimus rerum nobis consequuntur.','6143705240518',2575.30,3),
(1749,23,'siyfk 05315','Dicta labore laborum corporis et eos voluptatibus et tenetur. Perferendis repellendus id aut dolorum magnam. Quo quas commodi molestiae quia labore omnis consequatur. Non accusantium quia officiis molestiae quibusdam ratione.','3494375500383',3203.21,0),
(1750,24,'zlcbr 65216','Dignissimos est sed ut odio voluptatibus maxime. Quia esse sed soluta qui quisquam sunt.','0080679045366',2803.03,7),
(1751,25,'lgavp 62883','Tempora neque et tempora dolores commodi. Et fugit ipsam eius necessitatibus. Fuga nostrum modi dolorem minus molestias. Nihil in a cum qui molestiae ut nisi dolore.','8474275736391',1995.64,1),
(1752,26,'fkskb 09576','Necessitatibus et repudiandae et. Nihil officiis dolores fuga dolor hic officia. Est error aut est impedit blanditiis occaecati temporibus. Qui soluta minus quisquam vel ut.','8761754304463',3579.00,3),
(1753,27,'vkoqh 94067','Cumque iusto dicta itaque. Quia aut inventore ex vel est quia. Ut qui doloremque aut odio. Est occaecati totam corrupti eligendi libero assumenda.','7773432527881',4223.63,1),
(1760,1,'hugrg 01533','Nisi recusandae non id eum. Rem quos nihil eos quo. Molestiae aut enim minima.','1661287457483',2281.00,7),
(1761,2,'fleam 77641','Unde repudiandae quia vitae iure. Nemo voluptas nam delectus incidunt et nesciunt ducimus. Ut qui aspernatur repellendus ipsum ullam quas odio. A dolor sunt et sit eos ipsum.','4865401722816',1103.22,3),
(1762,3,'nbeaf 34860','Ut reprehenderit ut quis dolores. Eveniet et deserunt et est rem ut.','1176070001106',4734.50,4),
(1763,4,'oxgpj 69868','Eos architecto tempora enim fugit et. Quam ut totam nulla corporis quis occaecati eligendi. Nihil officia nemo ipsum voluptas.','0803986604169',933.30,6),
(1764,5,'nsbbu 30336','Non eum cumque accusantium aut dolor nisi iusto. Aut expedita velit exercitationem aut et dolor dignissimos. Sunt occaecati velit doloremque distinctio eum enim inventore. Ab beatae maxime amet ratione et perspiciatis quasi.','5117106108266',4482.21,1),
(1765,6,'xkqgo 97444','Magnam illo provident laudantium fugiat autem debitis. Rerum et et consequatur qui dicta a modi.','5352666021338',2610.81,4),
(1766,7,'vmzaj 50819','Et omnis qui animi ullam. Ducimus tempora dolores harum quo natus. Magnam adipisci aut omnis quis eaque quis neque. Ab sequi et est soluta. Temporibus sint vitae dolorem qui.','6835382153372',3490.28,6),
(1767,8,'lsgzp 16796','Nam illo voluptas ut minima. Nihil hic repudiandae beatae velit aspernatur vel. Error non quasi ipsam exercitationem. Corrupti adipisci excepturi exercitationem nihil accusamus quaerat officia.','3000433233348',3995.13,7),
(1768,9,'dqfdf 53697','Dolorem eligendi odit facilis quibusdam velit tempora ad. Totam placeat ab aut asperiores reiciendis. Aut minus illo aut et quaerat. Aut neque esse eos repellat.','5849594697365',1537.94,5),
(1769,10,'lctbq 59343','Molestias voluptatibus cupiditate nam atque nemo ab tempora aut. Omnis nesciunt sapiente sit reprehenderit ducimus nesciunt rerum.','4817743881980',2672.00,9),
(1770,11,'jbths 03302','Maiores tempora et ea voluptatem praesentium impedit adipisci. Beatae exercitationem aut et dolor culpa accusamus. Similique impedit incidunt et hic assumenda vel provident.','3833194706659',2541.00,4),
(1771,12,'hlklp 59929','Id maiores quo maiores itaque. Dolor deleniti cumque sequi molestiae. Voluptatibus voluptatem esse quisquam.','6872734511503',2397.97,2),
(1772,13,'crnen 11746','Consequatur id velit debitis harum qui omnis at. Ut veniam cum est aliquam deserunt et. Esse accusantium dolore dolores praesentium libero.','6251703374279',567.97,2),
(1773,14,'lqbkn 42452','Labore nisi quos sequi ut ullam consectetur qui. Et similique et illum non sapiente id eius sed. Soluta recusandae ut aut sequi assumenda.','6386630700539',1674.67,3),
(1774,15,'jpgaa 43424','Minima atque sint voluptatem. Et non repellendus modi dicta suscipit. Et cupiditate voluptatem sed repellat et. Id quia id cum rem officiis reprehenderit. Tenetur nobis sequi necessitatibus ducimus distinctio dolorem temporibus odit.','2071813657239',2185.58,7),
(1775,16,'bgxch 96891','Corporis deserunt qui vitae qui sequi. Non quis sed deserunt vel inventore praesentium eos aspernatur. A eum fugiat sed.','1257180152039',3781.65,8),
(1776,17,'nyqjq 08062','Necessitatibus consequuntur tenetur aut et. Aspernatur iste harum tenetur voluptatum consectetur.','1200471278130',993.72,3),
(1777,18,'jlary 65316','Cumque similique eum ut est. Maiores sunt et non nesciunt est nihil sint. Qui id sit soluta illum molestiae rerum.','0113609614032',606.84,6),
(1778,19,'qmhnz 12849','Aperiam eius quasi ex voluptatem quibusdam. Laborum asperiores vel ducimus incidunt qui odio quae. Et natus est beatae. Doloremque pariatur eum cumque distinctio eveniet quo et.','0782204099492',3106.50,7),
(1779,20,'wkwnx 07924','Nesciunt sed animi quibusdam voluptatem nobis aut praesentium. Officiis voluptate dicta esse asperiores provident. Eaque reprehenderit et earum magnam.','0939163636798',205.32,6),
(1780,21,'luzaj 97202','Quo iusto sed voluptatem animi sit. Rem perspiciatis dolorem quo deleniti eos autem modi. Vel odio amet explicabo consectetur. Nihil quia voluptatibus ipsam placeat natus. Minus ea quas autem sed aut adipisci eum ut.','2882128374083',405.07,7),
(1781,22,'jqpsm 18582','Aut quia sed ad eveniet. Blanditiis ut magni sequi facilis ut. Eius sunt voluptatibus sint amet iusto recusandae. A sed ut atque repellat exercitationem velit quam. Consectetur cupiditate saepe facere velit distinctio.','7210956822127',2125.38,3),
(1782,23,'vsqsf 25654','Dolores voluptatibus facilis nesciunt voluptatem autem nemo vitae. Sed nihil placeat non et excepturi dolorem voluptatibus. Aut recusandae qui odio rerum eveniet quis. Repudiandae aut veritatis dicta dolorum. Velit eos velit eos sed enim.','7477944801018',1633.65,8),
(1783,24,'gqytv 88836','Aut qui omnis in iure incidunt dolores illo. Esse consequuntur voluptas quae ipsam itaque. Similique earum voluptatum expedita quo.','0529524756755',1980.30,6),
(1784,25,'jrsmx 57228','Repudiandae pariatur ipsam et natus. Nihil sapiente corporis numquam. Laborum est sit voluptates et. Aperiam vel unde eveniet delectus atque recusandae.','5368469834426',1603.56,3),
(1785,26,'gxkle 91953','Corrupti esse recusandae quo repellat esse dignissimos pariatur. Illum doloremque quisquam expedita ipsam et blanditiis facere. Sit quia labore et.','4392241312254',3929.00,4),
(1786,27,'dskvw 48939','Et ut recusandae natus est est. Fugit deserunt et enim occaecati voluptatem quibusdam aut nesciunt. Sed veritatis et qui.','3314119415813',602.24,8),
(1793,1,'nqixl 26171','Rerum magnam sequi iste recusandae voluptatibus cupiditate consequatur. Quos velit maxime sit quaerat minima placeat aspernatur. Et error aliquam et dignissimos cum sit. Harum corrupti dignissimos ea ut culpa et.','6201958980176',3788.52,2),
(1794,2,'hoyxq 06756','Eos amet vel eum explicabo quod beatae velit. Vel facilis molestias qui voluptatum itaque. Totam voluptas facere ex quibusdam dolores doloribus. Sequi nesciunt sed voluptas ad eaque perferendis occaecati.','7648352997871',27.17,7),
(1795,3,'ziglo 48188','Iure praesentium quos similique voluptas et nihil sit minima. Illum at quisquam est nisi architecto perspiciatis. Pariatur reiciendis possimus a eveniet officiis nihil minus voluptas.','4217094691021',2358.84,9),
(1796,4,'banyd 95333','Facere labore itaque accusamus non quis non. Expedita dolorem unde est consequatur sint. Eos pariatur modi facere.','2378277986432',126.80,0),
(1797,5,'rwmvh 32964','Incidunt necessitatibus ducimus et doloremque sunt. Ipsam nesciunt incidunt alias quis cum. Fugit ea ea quisquam. Qui soluta neque maiores autem quasi.','4570662137315',4163.04,2),
(1798,6,'excft 50764','Doloremque quod rem tempora necessitatibus alias adipisci. Dicta harum distinctio et ullam eius. Aut et reprehenderit dolor nulla cupiditate et. Impedit tenetur vero eligendi eos ab necessitatibus corrupti pariatur. Modi corporis quia et repellat porro nobis.','3623772460314',3795.12,2),
(1799,7,'qwozk 27544','Sunt in et a. In ratione minima aut quam tempore. Voluptates amet sit non ut.','9573073706588',3646.91,7),
(1800,8,'daiuu 42251','Consequatur consequatur facilis voluptas nesciunt quia omnis dolores sapiente. Et et libero sequi ut quasi cumque delectus vel. Magni necessitatibus accusamus qui quod optio blanditiis omnis quibusdam. Hic ut quia consequatur recusandae deserunt.','5610633639161',733.91,4),
(1801,9,'bcxrj 03176','Eaque sed voluptatem vel ut impedit. Aliquid est praesentium sit ipsa. Aut perspiciatis assumenda consequatur laborum et sed velit.','5506543832023',3017.83,3),
(1802,10,'ypups 60933','Quod perferendis non ratione. Veniam et fugit nam quia soluta magnam. Dolorem dolor qui nesciunt aut neque officia. Itaque ducimus voluptas sit.','7854726583902',2372.00,4),
(1803,11,'lsxxi 81638','Ut pariatur quaerat quia minus illum saepe voluptatem. Cupiditate sunt et ipsam. Dolorem non repellat quasi ex dolorem perspiciatis. Reprehenderit eos architecto ullam aut similique et quasi occaecati.','6141019514981',4728.39,7),
(1804,12,'fgeiq 97356','Iure enim commodi nostrum incidunt dolorem quos impedit. Cumque laboriosam est unde autem. Est eius vel perferendis vel porro dolorem recusandae.','8750123777311',742.48,1),
(1805,13,'fzbhf 17436','A totam autem assumenda nihil. Optio quae omnis dignissimos nobis. Fugiat et ea culpa aut. Quisquam eaque rem quisquam modi. Rem est optio unde repudiandae et sit culpa.','1101959058292',3130.74,1),
(1806,14,'dutjx 48845','Quo ut debitis laudantium voluptas delectus. Et aut et sit omnis. Eum tempore officia magni eos dolor dolores. Blanditiis porro ipsa ullam.','3280668977099',3004.70,1),
(1807,15,'fmsxh 00024','A corporis ut aliquid fugit. Ea rerum ut esse aut eveniet corporis amet.','6572356490865',1968.90,1),
(1808,16,'sdjld 53245','Sed adipisci voluptatibus voluptatem sequi et et dolor. Consequuntur ab hic aliquid et minus. Consequatur quidem ipsa similique et et.','8756861774612',473.55,3),
(1809,17,'qaqhy 00048','Veritatis voluptatem neque ut ut qui ab qui. Voluptatem et enim ut voluptatibus odit. Velit ad accusamus laudantium et ut pariatur. Iusto error nihil ad architecto deleniti.','7535102385654',3494.44,6),
(1810,18,'ztizx 06149','Eos quaerat officiis quisquam doloribus eaque corporis perferendis. Consequatur occaecati tempore sed labore quis. Distinctio repellat autem sapiente eaque expedita. Sed ut quasi voluptatum nulla beatae.','1921498232645',688.90,3),
(1811,19,'crfri 20604','Rerum nobis ex eum ut. Non doloremque quos soluta et deserunt corrupti impedit. Dolor dolor consectetur nemo dolor sunt atque. Sequi itaque impedit veniam consequatur voluptate.','8379804836293',3057.60,0),
(1812,20,'wumns 49061','Veniam labore exercitationem tempore harum cumque qui. Cum omnis architecto facilis voluptas vel. Possimus sit et voluptatem illo.','6113710014503',816.12,0),
(1813,21,'fxfii 16155','Est accusantium error officiis voluptatibus. Culpa neque rerum veniam in. Omnis accusantium perferendis sit ut vitae.','6010130148309',3706.98,2),
(1814,22,'asizv 32936','Fugiat delectus id inventore quidem cupiditate et laboriosam. Soluta qui nemo non sed qui rem molestiae. Placeat eos ut esse et expedita facilis.','8688848696566',3495.34,8),
(1815,23,'hirna 22788','Rerum quia similique sit quod est. Beatae optio ut perferendis illo. Velit optio ut qui numquam blanditiis nostrum. Aut id nisi dolores quis. Ut voluptas modi quibusdam repellendus.','5173010292484',4267.24,2),
(1816,24,'jenqt 03014','Aut non voluptas natus dignissimos et quia tempora. Eligendi sit quis ex reprehenderit. Accusantium adipisci iste dolor et voluptatum sed. Velit possimus ex ut nobis error.','5827104569692',4142.10,7),
(1817,25,'nziic 60778','Officia impedit quaerat non beatae inventore rerum. Iure ab ipsa accusamus non maiores rem. Ex facere animi eligendi minus neque autem atque itaque.','7073325262791',1663.63,4),
(1818,26,'mopdq 17763','Soluta ipsa et autem ratione quaerat dolorum. Eius et repellat possimus voluptatem iste commodi laborum. Doloremque ex alias beatae velit qui nam. Explicabo provident voluptatem non accusantium quo aut.','0661235035719',1046.00,9),
(1819,27,'vurux 34143','Distinctio ratione debitis corporis. Quo quisquam est labore suscipit qui non vel est. Rerum nihil eaque aliquam accusantium at. Hic dolores quisquam sunt ut quo.','7553398347187',535.80,6),
(1826,1,'mmshv 99979','Eos dolore rerum nesciunt vel consectetur molestiae. Minus dolores cumque praesentium vero corporis quas dicta. Velit quia est minima ut omnis dicta non. Et dignissimos tempora est voluptatibus quia nam. Maxime soluta a necessitatibus et.','5331566501690',3959.60,7),
(1827,2,'yleyh 37571','Earum voluptatum aspernatur non nam rerum. Nam omnis libero esse dolorum perferendis aut dolorem praesentium.','0481373026338',2346.62,8),
(1828,3,'ylobv 38603','Earum quaerat et saepe corporis. Ut magni dolores minima similique. Natus unde ducimus ullam eaque autem.','9750637146602',512.29,0),
(1829,4,'afxvl 78953','Pariatur soluta quisquam repudiandae itaque voluptatem eius dolor. Quod perferendis numquam veniam possimus facilis. Odit aut possimus alias aut. Architecto magnam nisi ipsum nam.','8686840873459',4959.70,8),
(1830,5,'knycw 92465','Praesentium et ut aliquid ea in est. Illum possimus laboriosam non ut quae. Ab deserunt assumenda sint vero ut. Sunt qui rem a doloribus et.','7182471847490',1060.11,5),
(1831,6,'gvpve 43885','Maiores repellat dolorum laboriosam et quia rerum magnam. Expedita officiis ut sit ipsum. Veritatis labore non temporibus eligendi qui est ut officiis.','5357546064399',4003.63,7),
(1832,7,'iutoh 56397','Aut facere qui eos ad aut. Aut et adipisci ullam culpa.','2173485647713',2407.97,5),
(1833,8,'utxhi 72521','Similique impedit ut sunt dolorem sit. Quos eius corporis tempora voluptas eius. Ratione dolorem eum delectus.','4786430107514',4741.00,0),
(1834,9,'nibdp 59926','Et repellat asperiores illum nam beatae modi. Quia placeat modi iure optio. Perspiciatis eius iure consequuntur totam. Vel necessitatibus autem autem quas qui dolores cupiditate pariatur.','7974731452847',427.70,3),
(1835,10,'hxmvg 58612','Est eligendi soluta sint nihil sit id ducimus. Asperiores ipsa voluptatem at ut. Nihil quidem tempora temporibus accusamus est eligendi. Non nihil ut officia beatae et minima iure.','5787901167999',318.60,4),
(1836,11,'kgxhq 27594','Dolor ab qui nisi quas consectetur. Explicabo eaque sed occaecati velit ut tempora facilis. Ut consequuntur fuga unde blanditiis quis amet.','3093474376549',1234.81,4),
(1837,12,'wvhvg 93097','Ut quia rerum similique qui sed. Commodi minus fuga in temporibus et itaque sit. Accusantium blanditiis sint id sed provident pariatur est quod. Earum expedita sint corporis ipsam aliquid omnis nihil. Quo nobis maxime est consequatur necessitatibus maxime tenetur totam.','1108106052271',3443.68,9),
(1838,13,'rzlrw 72121','Esse ut culpa soluta delectus. Excepturi consectetur ab voluptatem explicabo nostrum. Est adipisci quod quas eveniet cupiditate. Vero ut dolore ipsum molestiae ut voluptatibus molestias quasi.','2085446607080',1651.79,8),
(1839,14,'ajteb 99308','Ea numquam totam id omnis corporis incidunt. Est dolores ipsa dolore eaque. Omnis dolorem et in dolor molestiae et illum id. Dolores qui deserunt sint et.','6903828096153',1879.79,6),
(1840,15,'pxlma 09923','Perspiciatis inventore omnis voluptatem saepe. Dolore voluptatem laborum dicta ipsum modi aperiam. Autem ratione quia consequatur cupiditate esse error. Voluptates omnis qui minima ut autem est veritatis assumenda.','9435754912780',2037.77,7),
(1841,16,'lkgyg 08605','Fugiat aliquam dolor architecto facilis aperiam. Aliquam in mollitia laboriosam maxime non suscipit tempore.','8060743539771',2942.04,1),
(1842,17,'bioyq 62153','Expedita rerum eius sit magni. Maxime molestiae libero ab aut. Modi ut necessitatibus numquam mollitia corrupti ducimus quia et.','4764415060207',3984.96,8),
(1843,18,'fcyun 77903','Qui non quia incidunt qui molestias et. Repudiandae nesciunt alias sapiente et sit. Perspiciatis laboriosam molestiae enim illo.','3397986868357',1856.07,1),
(1844,19,'dglmi 18816','Consequatur rerum nemo at possimus et est. Sit vel alias velit voluptatem modi.','6706274456645',4612.42,9),
(1845,20,'qghqf 11586','Soluta aut ea ut qui. Maiores quasi aut voluptas. Nobis rem quaerat eaque voluptatum eum.','1036984368569',3523.00,2),
(1846,21,'cqavp 67747','At nesciunt et quia est. Est consequatur commodi possimus. Qui quas corrupti voluptas sapiente.','9663437222813',2046.20,2),
(1847,22,'iskgh 19116','Quidem omnis aut et rerum aut. Enim velit est nemo.','8721268249421',3138.00,5),
(1848,23,'inopf 72121','Quia iusto dolores repellat consequatur rem eum magnam. Quisquam quo ullam voluptas sed ipsum. Est architecto sunt qui.','8347522413539',1985.65,8),
(1849,24,'igdqs 46207','Aut voluptatem dolores in quos. Veritatis qui et dolores autem qui labore suscipit omnis. Voluptates repudiandae alias placeat voluptas harum minus. Autem fugit sit sapiente quas voluptas dicta autem.','6235971171976',789.63,1),
(1850,25,'hxhlz 13481','Odio tempora tenetur doloribus quae fugiat. Iure eveniet amet odio suscipit quia dolores. Ullam aut incidunt voluptas aut rerum eaque et fugit. Nemo consequatur molestiae et ducimus.','0449729760589',2063.11,8),
(1851,26,'jjzvz 60144','Reiciendis itaque in sit ducimus officiis dolorum enim molestias. Ipsam ut est occaecati optio. Culpa laudantium necessitatibus est sequi rerum aliquam voluptatibus.','3915153426010',2237.22,1),
(1852,27,'bdyhz 53018','Laborum iste dolore dolorem enim. Ut quasi ea quisquam qui expedita. Reprehenderit est unde sunt mollitia aut atque. Beatae consequatur quod voluptatibus accusantium nulla magni quia.','7256840458560',4484.76,1),
(1859,1,'keozw 70792','Nam odio aut aperiam illum. Sapiente quas architecto dolorum ut iste quaerat facere. Commodi soluta placeat et iure rerum repudiandae perspiciatis. Veritatis nisi nihil aliquam illum eaque.','7532053182226',1849.38,5),
(1860,2,'zghvx 73350','Soluta asperiores sed porro ea voluptas eum alias et. Autem quis veritatis nihil rerum fuga voluptates sed. Et repellat vel et doloribus rem. Ipsum expedita quia provident quis doloremque.','9371810112957',3530.00,5),
(1861,3,'dtchl 58979','Laborum sed blanditiis qui expedita ipsam excepturi cumque. Voluptatum assumenda modi harum culpa quis.','5248742357494',3915.84,9),
(1862,4,'gocua 23525','Et error velit voluptatem enim. Aut accusamus aliquid beatae omnis eum. Ipsum esse eaque magnam odio et natus. Voluptas quaerat ut qui dolor voluptatibus commodi harum ut.','3062231850981',524.47,6),
(1863,5,'taips 71296','Eligendi suscipit debitis omnis velit porro blanditiis nesciunt. Accusantium quis quis rem tenetur assumenda. Illo fugit commodi quia enim.','3589333859945',4582.68,6),
(1864,6,'hpris 72874','Inventore molestiae dolores natus aut enim aliquam. Et perferendis repellat alias inventore labore. Illum modi repellat officiis iusto voluptas. Eos maiores quo tenetur reprehenderit.','9297745284302',407.89,1),
(1865,7,'aylta 14243','Dolores eum molestiae rerum voluptate hic vitae. Dicta consectetur molestiae odit sit blanditiis. Possimus ut vel enim aliquid qui eos facere ut. Adipisci vel at aspernatur voluptatem. Inventore laboriosam impedit at et vero deleniti blanditiis qui.','3101070017923',197.12,3),
(1866,8,'qcrau 77229','Nihil quod optio nisi. Et atque voluptatem delectus exercitationem est praesentium reiciendis. Laudantium voluptates ad dolorem et veritatis facere quo. Ullam rerum praesentium corrupti magnam. Sequi vitae voluptatum laboriosam a.','8565632618631',442.70,3),
(1867,9,'jypum 62809','Praesentium tempore molestiae laudantium mollitia consequatur libero qui. Architecto ad temporibus corrupti et nostrum consequuntur. Modi ab dignissimos reprehenderit cumque expedita laborum.','1017126982935',1912.36,2),
(1868,10,'mywgu 69015','Atque molestiae perspiciatis officia officia. Ad reprehenderit inventore fuga laborum et inventore mollitia. Reiciendis tempora et aut cumque ipsa eius quis.','5546875065553',4912.77,0),
(1869,11,'lobxq 15536','Minima nisi quaerat et. Commodi accusamus fugit et sunt laborum laborum.','4657273685265',1218.00,0),
(1870,12,'hhsao 54658','Ea minima excepturi iste nemo iure quod facere reiciendis. Distinctio qui quisquam quod ut alias quaerat. Sit dolorem nulla tenetur et cum et repudiandae. Nihil dolorem occaecati et quis.','4414886904493',4318.27,1),
(1871,13,'jafie 21710','Tempora ut est voluptatem delectus est quas et. Rerum qui quis impedit ut. Dolorum nobis consectetur et et.','2102109000948',917.83,7),
(1872,14,'wkcgq 75477','Sunt in laboriosam dolor et maxime nemo deserunt. Quos quibusdam corporis voluptatem molestiae provident laborum reprehenderit qui. Nihil minus qui velit sit repudiandae natus ullam.','3822538603082',500.33,0),
(1873,15,'nywql 12221','Velit facere eaque omnis. Et laudantium quia et cum.','4410631023723',3478.16,3),
(1874,16,'dyuty 09869','Necessitatibus cupiditate quo tenetur nisi repellendus vitae. Non vitae vel voluptatum et vel. Minus nobis eveniet ad nam dolor dolore sunt explicabo. Voluptatem architecto illo enim.','5965331044275',4425.34,9),
(1875,17,'iejyu 69541','Aliquid voluptas modi voluptatibus et veritatis quia omnis. Quae porro non et est perspiciatis sit.','5481423478303',1282.60,1),
(1876,18,'nkqdp 47574','Vitae reiciendis quae ut sed rerum qui dolores. Autem magni laborum repudiandae consequatur. Repellat delectus dolore pariatur distinctio accusantium.','0539243541723',4626.94,5),
(1877,19,'xvgru 42551','Earum non voluptas reiciendis earum repudiandae. Aut quam consectetur quasi distinctio distinctio. Quod nesciunt possimus animi enim officia.','5968791159015',2923.20,4),
(1878,20,'vbfyz 97564','Aperiam voluptates et rerum qui. Ut similique suscipit similique. Nisi voluptates ut nisi explicabo aperiam fuga reprehenderit. Ea non ea at aspernatur cupiditate minima.','8428043013696',1188.71,8),
(1879,21,'qxazl 01691','Nobis repudiandae fugit sit ut porro iure. Maiores consequatur rem quia aut consectetur porro. Et modi a eveniet sint. Sequi ducimus accusamus quo fuga soluta in.','7936175619750',2608.20,6),
(1880,22,'xsnsv 66504','Odit ducimus voluptatem aut cum molestiae. Ullam quo aliquam quia at magnam. Aperiam rerum laudantium dolorem fugiat.','1930435228146',392.40,9),
(1881,23,'qusag 38575','Provident suscipit ut accusamus iure sequi voluptatem impedit deleniti. Accusantium voluptatum distinctio accusamus at dolores dignissimos voluptatem. Tempora consequatur recusandae a sunt ut. Dolore inventore sed ut. Fugit aspernatur magni consequatur et.','4750091463777',4620.92,4),
(1882,24,'xrusi 14984','Suscipit sit aut eaque veniam ex. Aut veritatis saepe qui numquam aut rerum in. Minima et nihil reiciendis itaque vitae.','3716813696671',1675.54,3),
(1883,25,'bgnsr 87719','Vitae cupiditate ipsum itaque mollitia distinctio neque. Dicta quam eum quam natus officiis dolor et. Officiis ullam aspernatur labore.','7937982784532',4064.76,0),
(1884,26,'bekij 60928','Eius et molestiae rem quam asperiores voluptates. Natus aut eum occaecati veniam. Quia iure ea ut sed sit ducimus quaerat iste. Tempora doloribus accusamus consequatur velit et ut ducimus.','5149835999891',818.00,1),
(1885,27,'nffjy 25819','Et fugiat inventore ipsa laudantium et. Rerum et harum et nam consectetur et. Sunt minus officiis quas aliquam dolorum error quia.','3642850744597',1561.93,8),
(1892,1,'rvosd 37593','Et assumenda aut veniam sed voluptatem unde nisi. Aut animi non tempore et sit nihil voluptatum. Nostrum qui adipisci voluptates molestias. Quam soluta dolorum dolores similique quam.','7832976305529',455.60,1),
(1893,2,'ohnud 96450','Quisquam labore est ut eligendi sint quia aut. Delectus enim neque sint sed qui modi quia. Labore eos quod velit cumque voluptatem.','3846133007120',3246.33,5),
(1894,3,'dcejg 46622','Ut minus quo voluptatibus aut. Aspernatur rerum eaque magnam.','1891063729361',3983.40,2),
(1895,4,'rcabf 82990','Repellat sint est in qui quaerat autem. Ea sint quidem iste natus quia. Ut inventore repudiandae temporibus hic labore in. Natus eos accusamus in iure.','2629592116173',715.44,7),
(1896,5,'zdntv 07730','Cum labore iste inventore et. Soluta ut qui repudiandae ut quia velit omnis. Est et soluta delectus voluptatum quam fugiat.','1924369357737',4031.00,0),
(1897,6,'zhywz 73969','Quaerat magnam maiores voluptatum doloribus. Sit laboriosam unde et qui aut qui. Voluptatibus id qui eveniet. A sint ullam cupiditate ut. Architecto itaque officia architecto consequatur molestiae adipisci.','6966701555772',4128.20,0),
(1898,7,'quizd 62735','Placeat et minima nobis omnis. Nulla itaque atque quas est quae modi. In dolorem necessitatibus nihil consequatur consequuntur vitae aliquam. Nulla placeat optio dolores cum rerum exercitationem tempore.','3376591897242',1257.11,8),
(1899,8,'rjjiz 48572','Quis et voluptatum aut dolorum nesciunt. Vel cumque dicta earum qui.','7934507761818',2315.80,2),
(1900,9,'djnwu 29624','Neque optio distinctio ut animi totam tenetur. Exercitationem autem tempore placeat aut. Modi ipsam sint nisi deleniti rerum inventore dolor.','0994297503996',1871.74,3),
(1901,10,'apanb 74878','Aut accusantium voluptas recusandae et illo enim fuga veritatis. Neque placeat omnis quia atque voluptatem. Nostrum laudantium voluptatem laborum optio et quae.','6313682044076',4336.39,4),
(1902,11,'fbajb 34137','Eos velit corporis est corporis. Molestiae in vero officiis pariatur omnis magni. Tenetur optio eum facere dolorem officia.','7947423053271',3758.48,3),
(1903,12,'njixs 17367','Cum perspiciatis eligendi laboriosam quisquam et ipsa. Aut nam magnam quia incidunt earum ex dolorem. Doloremque quis aut reprehenderit ea accusantium iure.','2175853459119',4022.26,8),
(1904,13,'weotu 55528','Dolores qui dolores provident earum voluptatem quia. Sint iste ut nobis aliquam. Qui in consequatur in cupiditate nam quis. Aut sed explicabo enim iure.','4180912343979',3686.17,7),
(1905,14,'xcnfd 09987','Vel aut reiciendis sed eveniet a culpa. Enim eum quis ipsa quae. Maxime aliquam quas voluptatem repellat quae non ad.','3186750208594',548.39,4),
(1906,15,'xjgjp 21709','Accusamus qui reiciendis quam quia sed fugit fugiat. Quo omnis quod voluptas voluptatem explicabo. Vitae omnis veritatis placeat sapiente maxime voluptas. Sunt neque nisi amet voluptatum debitis sapiente quasi rem.','1823671398332',3015.30,8),
(1907,16,'cqdgf 38955','Sit repudiandae et libero voluptas consequuntur et beatae quia. Dolorem architecto omnis possimus omnis at sunt. Quidem dolorum vel labore facere voluptatem illo ipsam. Omnis ut quia ut aut molestiae rerum eum minima. Nihil fuga labore odio inventore.','4835154181406',1421.58,1),
(1908,17,'idmmx 78262','Nihil amet at minima et. Suscipit tempora incidunt dignissimos exercitationem rerum. Voluptatem deleniti aspernatur ut accusantium ut quas dolorum eos. Sunt repellendus unde unde ipsa.','6880395590478',3708.90,3),
(1909,18,'hnrai 09582','Eaque temporibus ipsum nihil perferendis id. Reiciendis aperiam corrupti dolore quidem porro fugit molestiae culpa. Sunt tempora aliquam non nemo. Id at et aut voluptate iure.','8173411480616',1621.47,0),
(1910,19,'sccil 04802','Eaque voluptas consequatur consequuntur est officiis. Sit error ex sit commodi. Rem ullam saepe excepturi ea neque ut.','6462956913393',3543.64,9),
(1911,20,'wbsbg 72348','Sapiente ut fugit suscipit corporis tempore velit iure. Et autem ratione beatae in. Facilis quidem at velit mollitia suscipit debitis. Ratione et quos aut eaque perspiciatis ipsa voluptatibus.','7021641358926',2013.70,6),
(1912,21,'hzmos 74254','Est commodi quo voluptatem tempore dolore ut iure. Veniam et sunt vero vero voluptatibus quasi laborum quis. Dignissimos neque ut dolor accusamus quidem. Omnis voluptates omnis quia est.','1614600820846',2793.00,4),
(1913,22,'rehrd 76561','Velit qui harum magni accusantium. Eos magni dolorem ex voluptatem quia ea. In dolore fugiat ullam voluptatem modi veniam. Doloremque molestias facere veritatis quo in architecto nulla in.','5839862116971',2799.22,6),
(1914,23,'atyjh 41740','Repudiandae ut perferendis consequatur alias vel. Et ut provident fugit. Ipsam quia aut dolores id. Ut assumenda sapiente non ut ex iste et. Quo accusantium dignissimos qui.','1648130790683',4382.25,0),
(1915,24,'fdztw 89115','Qui non commodi eius consequatur quidem illum dignissimos velit. Quasi quisquam corrupti et est ut. Corporis non soluta et.','7295563065662',3684.63,8),
(1916,25,'pzimg 93223','Et tenetur sed illum asperiores totam cum blanditiis. Quo rem omnis accusantium necessitatibus. Saepe cumque laudantium dolor molestias aliquid quos dolores tempore. Consequatur praesentium temporibus quia ullam architecto saepe.','1813569691911',3021.11,3),
(1917,26,'giqtn 67103','Voluptates perferendis veniam et possimus. Sed et autem voluptatem. Architecto dolor et non rerum voluptatibus dolore quis.','1398884030886',1495.01,8),
(1918,27,'duyqx 44884','Dolorum molestias dolor assumenda fugit sint soluta. Quia a et distinctio recusandae. Iusto cumque temporibus ad quos. Aut odio reprehenderit ex et eum illum.','3637510172520',3675.27,8),
(1925,1,'gopgg 74332','Provident repellat incidunt est minima. Dicta at quisquam et asperiores. Et eius odio voluptatum quo saepe provident.','3861672046379',4768.08,8),
(1926,2,'qirsv 64194','Labore vel natus rerum. Sapiente vero earum consequatur nostrum possimus necessitatibus sequi. Voluptas voluptatem inventore qui ut blanditiis odio accusamus velit. Provident neque consequatur voluptatem tempora.','4957307981913',3962.15,5),
(1927,3,'qvllm 76440','Et fuga iure pariatur id. Provident a tenetur praesentium harum vel voluptatibus.','7261468224633',1890.44,6),
(1928,4,'tqavr 00236','Velit quam dicta ut ad ad consequatur. Occaecati accusamus ducimus sit. Cupiditate eaque et qui doloribus numquam.','3496197128530',2728.40,9),
(1929,5,'pjuzu 49788','Minima nemo impedit nihil nam. Ducimus praesentium necessitatibus eum quod labore neque. Consequuntur quam consequatur rerum blanditiis aliquid voluptates autem.','2328378120419',2599.69,4),
(1930,6,'eisef 32336','Quia aut blanditiis a consequuntur asperiores voluptates omnis asperiores. Nihil qui ipsam id delectus provident quis. Explicabo aut velit tenetur laboriosam nisi. Totam non itaque corrupti illo. Rerum ea cupiditate non labore eum.','9532033474653',580.00,9),
(1931,7,'aikzv 61312','Non accusantium voluptates eius. Dolores ut minima suscipit quia tenetur sint sit quia.','8787202920047',260.23,8),
(1932,8,'cvjcb 98901','Est id vel voluptatum dolorem minus velit odio. Omnis fugiat voluptas aut labore esse enim. Facere sed ad distinctio quo ut.','4849030583437',3445.35,7),
(1933,9,'hewmy 00202','Dicta non iste magnam adipisci. Doloremque eos voluptatum ut dolore ut corporis voluptatem numquam. Quaerat rem ut est sit nisi atque et.','4796237068628',2095.10,6),
(1934,10,'rvtsb 14850','Aut sapiente tenetur enim aperiam sed sed. Ipsum delectus nam omnis. Aspernatur repellat voluptas et qui quis cumque. Cupiditate libero aliquid corporis praesentium dolor nihil tenetur.','3315038142491',3676.82,4),
(1935,11,'wzxha 00406','Adipisci consectetur animi iusto facere quo. Ea tempora quo ut laboriosam rerum optio. Iusto aliquam qui eos ipsa harum quidem ullam est.','9216345201793',3283.87,5),
(1936,12,'lhsyc 40969','Dicta recusandae provident enim distinctio rerum et. Natus vitae ea minus consequuntur. Ipsum quibusdam voluptates praesentium recusandae ab autem quia. Incidunt occaecati sed sunt dignissimos animi provident.','1036501711212',322.04,2),
(1937,13,'zjwgp 33924','Numquam dolores omnis et. Et incidunt voluptates est libero. Autem nemo voluptatum et atque eos aliquam. Quos distinctio alias natus repellat.','3013247290612',954.24,8),
(1938,14,'yuryi 87654','Possimus distinctio quibusdam dolores praesentium aperiam illo doloribus. Consequatur non exercitationem iste laboriosam minus totam. Mollitia et sed rem qui in dolorum ut.','7796092586425',528.56,9),
(1939,15,'lrlwp 71222','Cum voluptatem eos numquam iure cumque ipsa omnis. Facere dolorem doloribus facere ut. Et modi cum et perferendis. Officiis eos odit fugiat dolorum porro et officia adipisci.','7936573519645',925.20,1),
(1940,16,'faqxx 28639','Velit omnis ipsum sit harum. Ducimus sequi sit et. Illo possimus et sit a quos nisi est id. Dolor necessitatibus voluptatum at quasi non aut. Est odit eius nam aliquid aliquid voluptatem sed harum.','1590436680314',2661.00,6),
(1941,17,'bkqia 81913','Laudantium nihil dolores adipisci dicta. Veritatis cupiditate eius rerum perspiciatis voluptate. Asperiores quis aut est illo nemo est amet. Et voluptatibus saepe iusto eius minus tempora. Nihil aut minus qui qui cum beatae iure.','6925865554090',3865.00,0),
(1942,18,'ndxnc 83036','Cum voluptatem inventore eos. Deleniti totam autem eius consectetur et. Numquam autem est in officia qui.','1908301559526',3334.30,7),
(1943,19,'yawon 18017','Non qui odio ipsam et quia. Ut odio ut doloremque illum aut. Est enim quos voluptate totam quas reprehenderit. Molestiae sit doloremque dolor rerum explicabo eos.','4762116451775',603.52,4),
(1944,20,'orrwj 11756','Autem itaque nobis unde debitis unde ut. Dolor expedita aperiam voluptatem recusandae. Consequatur atque aut dolorum laborum eaque eaque ipsa. Doloribus ducimus quasi quo.','7427714541439',1865.49,1),
(1945,21,'uhnbk 09837','Iusto labore debitis quia rerum error. Voluptatum dolores explicabo sed. Officia porro expedita eum. Expedita placeat asperiores laboriosam dolores assumenda ipsum cum id.','7552996000449',3238.27,9),
(1946,22,'arxmt 19449','Quibusdam ipsa qui non vel ullam eaque sed et. Quisquam sed quam rerum doloremque eligendi beatae. Veniam qui voluptate autem magni aut nostrum odit. Odio deleniti ut dicta libero voluptatem repellendus aut voluptatum.','0238707770951',1432.10,2),
(1947,23,'dopkz 04755','Distinctio aut itaque quisquam. Distinctio id itaque est assumenda qui quia cum. Repudiandae laborum qui quo.','6822950261102',2932.40,5),
(1948,24,'bskci 65812','Sit et et asperiores doloribus. Odit odio molestiae temporibus sed error et. Labore ea veniam aperiam consectetur. Fugit reiciendis necessitatibus quam culpa impedit ab est.','0372054956757',75.34,9),
(1949,25,'sfxuq 47131','Eius quis et odio vero. Minima quam praesentium quae consectetur alias soluta nulla.','2158567202288',1419.10,8),
(1950,26,'wbxbn 68430','Dolore necessitatibus temporibus vel. Sunt rerum aut dolores et omnis. Impedit distinctio aut rerum est rem ut culpa.','1378640207622',1613.36,1),
(1951,27,'ecaqp 85697','Velit voluptas sit quibusdam nesciunt blanditiis nam ut sit. Est quia facere distinctio quae fuga. Numquam illo quo quis at. Sit repellendus qui itaque aliquid dolorem rem voluptatem quo.','7457690354402',1519.96,6),
(1958,1,'fafrl 45797','Dicta nostrum ex nobis temporibus dolorum sint. Enim recusandae unde optio. Ut modi ut qui inventore. Eos sapiente ipsum nam voluptas dignissimos eum.','3956150877863',2034.54,7),
(1959,2,'sipkk 80356','Sint similique consectetur aut consequatur reprehenderit rerum. Corporis dolores sint repudiandae aliquid et corporis cumque et. Aut ullam laudantium quod quia repellendus.','0289369089707',623.94,0),
(1960,3,'ccpnb 62203','Distinctio eveniet voluptatem totam qui eum ut quo. Velit repellat molestias quia aut doloribus. Animi non incidunt nulla alias porro dignissimos.','9394686903726',2179.78,7),
(1961,4,'wxtye 52320','Temporibus dignissimos voluptate eaque incidunt voluptate. Odit dolorem qui ratione numquam consectetur aspernatur. Esse eos deserunt eum in velit. Ad reprehenderit asperiores voluptate rerum qui earum.','0481037054585',224.62,9),
(1962,5,'czfje 65999','Architecto excepturi reprehenderit enim molestias. Ut quisquam pariatur eius quos quod. Consectetur hic ut dolor et et. Voluptas eum corrupti omnis quaerat sit.','0124070484093',4433.56,5),
(1963,6,'bascy 28452','Commodi velit accusamus eius aut tempora temporibus debitis eveniet. Quisquam voluptatem et facere eveniet ut distinctio rerum. Vel et velit quis aut maiores voluptas harum. A consequatur velit blanditiis mollitia explicabo distinctio excepturi. Ipsam laborum nisi perspiciatis occaecati blanditiis perspiciatis.','1115209654790',3563.48,8),
(1964,7,'walha 15111','Et ipsum repellendus eum assumenda eos ut dolor. Voluptatibus aperiam magni dolorem est optio voluptas veritatis. Error qui qui voluptatem maxime tempore.','4781704201493',4644.59,4),
(1965,8,'pdjlx 51442','Nulla et commodi quo repellendus. Voluptatem id dolorem sint quia. Eaque cum accusamus quia voluptatum debitis. Labore veniam debitis numquam cum ut.','2339358415999',1381.75,2),
(1966,9,'alypn 75425','Omnis soluta et rem delectus tempora nemo nam. Asperiores pariatur quo est dolores labore praesentium laudantium vel. Molestias sit tempore ut inventore itaque error. Architecto sed tempore odit quo nobis aut nulla.','4453276890015',2584.19,1),
(1967,10,'zvimv 99077','Quis distinctio accusamus numquam. Perferendis laboriosam vitae vero atque facere quidem nulla. Ut ut illo officia fuga sit et debitis.','4182084526037',4357.63,2),
(1968,11,'nbtfc 65825','Repellat iste provident sed inventore odit. Qui illo ipsam est sit blanditiis molestiae qui.','9210777564419',2631.44,5),
(1969,12,'jhssn 05756','Ut consequatur reprehenderit impedit quo totam quia. Enim et dolorem rerum.','8810353712015',2266.03,4),
(1970,13,'uuzqp 21114','Doloremque sint iure maiores deleniti dolorem. Iure ratione culpa illo illum laborum.','9269272896976',858.42,1),
(1971,14,'zsbly 91981','Magni unde consequatur ut ipsam quidem ut. Neque illum est perferendis quae mollitia nemo dolorem voluptas. Dolorum aut expedita odio et dolorem.','3728296254194',3801.61,5),
(1972,15,'hebzy 25641','Sed velit commodi voluptate aspernatur quos at. Sit velit veritatis doloribus vitae quo qui. Autem aut sint nesciunt.','0655797590267',847.52,1),
(1973,16,'kleab 24644','Repudiandae iure modi eaque. Omnis est porro sit id dolores dolore aut. Tempore deserunt dolorem voluptatem ipsa.','2905951751743',1235.06,7),
(1974,17,'mepzy 09675','Perferendis qui et vero eaque autem voluptatem. Qui ipsum accusantium sed ipsum voluptas debitis perferendis.','1702849359897',1736.65,9),
(1975,18,'msrwy 98637','Dolores omnis et sed sed velit voluptatem temporibus. Autem voluptate non est voluptatem eius. Aut esse fuga voluptatum quis illum esse.','3299544651060',1044.07,9),
(1976,19,'fvnmq 78117','Explicabo blanditiis perferendis temporibus iusto. Sunt possimus voluptas numquam temporibus perferendis sed provident deleniti. Eius sed omnis nulla asperiores dicta nam quidem consequuntur.','3743975232614',4865.04,4),
(1977,20,'pbulx 81334','Maiores dolorem nobis dolorum labore. Quis reprehenderit illo nisi voluptatum voluptas. Quam dolor aut expedita explicabo qui. Et velit vel optio et.','6952972199166',1891.80,0),
(1978,21,'asroy 99270','Aspernatur omnis sed sed rerum et mollitia sequi ratione. Corporis qui recusandae quam quae illo eveniet cum. Saepe dolore et quasi error harum architecto maiores.','5050376823432',2009.89,7),
(1979,22,'vnnar 18445','Dolores adipisci nostrum non quia. Ab delectus facilis sunt libero mollitia error. Perferendis reiciendis id et aut. Ab neque consequatur maxime labore temporibus quidem.','3978758397123',651.55,6),
(1980,23,'qpntf 55068','Vitae labore qui similique ea sit illum laboriosam voluptatem. Maxime rerum nesciunt qui. Et dolores eos cum at temporibus ex. Nihil non voluptate illo earum delectus velit incidunt cum.','1844497763654',172.22,6),
(1981,24,'toelu 40839','Id eligendi et tempore ullam. Eveniet voluptas inventore dignissimos maxime incidunt placeat eaque. Quo consequatur est dicta et cumque sunt sunt. Ducimus velit aut dignissimos et maxime vel velit veniam.','3237709745063',4907.10,7),
(1982,25,'sjlft 58248','Et neque ipsum quis consequuntur sapiente esse. Sequi sed et rerum perspiciatis sequi id aut. Est temporibus iusto possimus. Est minima voluptatum nobis unde dolorem et eos qui.','7599555236505',3692.00,0),
(1983,26,'vuvsn 30122','Ullam minima deleniti nesciunt sed est. Tempora consequuntur consectetur sunt. Amet iusto id adipisci earum dolores nisi quidem. Praesentium iusto et voluptatem voluptatem reprehenderit quo.','0023701434950',290.24,3),
(1984,27,'izwwu 93903','Quae corrupti iste et voluptatem. Delectus ipsam et fugiat nisi harum quia. Qui ut modi quas rerum ex. Neque mollitia repellat dolorum atque saepe mollitia blanditiis.','9861426649461',3661.28,9),
(1991,1,'pylkc 00398','Quam quia tenetur consequatur eaque animi placeat. Eos rerum nobis quasi qui. Cupiditate dolore a fuga minima perspiciatis doloremque.','7781873971026',1561.32,7),
(1992,2,'ezwgd 98850','Ut neque nam velit non doloremque. Earum laboriosam aut dolorem est. Quod quam veritatis quo illum sed. Dolorem sed quia omnis vel reprehenderit.','0035567418197',3276.00,9),
(1993,3,'qlpoj 30130','Esse aut id necessitatibus incidunt velit. Quaerat voluptatum et deserunt error.','0765074463693',4928.79,8),
(1994,4,'pawdd 80756','Porro rem molestiae delectus rerum fugiat molestiae dolores. Et voluptate eum inventore qui ut. Consequatur in quisquam voluptatibus porro veritatis. Neque autem officiis omnis quo natus. Ut ut iste modi fugiat culpa veritatis repellat.','4162590016246',980.73,0),
(1995,5,'ffgou 96088','Repellendus laudantium explicabo quaerat fugiat consequuntur harum et. Unde id officiis saepe veniam. Dolor voluptatem et quae quos id cupiditate quo. Quibusdam doloribus animi sed eum.','3793564838482',4170.72,2),
(1996,6,'rolfg 83974','Architecto et autem animi qui. Placeat quasi dicta tempora harum architecto quas dicta. Non at non pariatur aspernatur dolorem aut aut voluptatem.','6361103582218',3134.00,1),
(1997,7,'cysxk 56734','Est quasi ratione dolorem. Est eum fugiat neque sed cumque. Similique qui suscipit beatae molestiae aperiam. Dolor qui velit velit et fuga veritatis occaecati.','1396092808457',4004.54,3),
(1998,8,'irlhr 16817','Temporibus laboriosam odio porro et accusamus. Optio alias dolorum veritatis iste nemo necessitatibus. Enim enim nihil ut corporis quis tempore.','4399785081141',4343.62,0),
(1999,9,'vemlt 85920','Blanditiis aut culpa harum. Cumque et et quidem corrupti odit qui. Labore aut quo ipsa sit quidem eum ut. Molestias consequatur dolore quasi id sunt corporis.','9133354783150',4764.23,9),
(2000,10,'kenit 55491','Esse aut quis iure labore debitis ut aut. Perferendis voluptatum nam rerum sunt quia sit dolore. Quos doloremque rerum quia ducimus sapiente quia quo. Earum est qui dolores repellat voluptatibus velit.','9569911556521',3467.46,3);

INSERT INTO `bargain_sales` VALUES
(1008,1,0,'2010-04-19 09:25:50'),
(1015,9,1,'2015-10-01 08:18:52'),
(1025,57,1,'2023-03-27 01:14:40'),
(1026,5,0,'2012-01-22 00:08:27'),
(1046,30,0,'2008-08-31 20:25:01'),
(1076,19,1,'2011-06-01 06:03:42'),
(1080,2,1,'2015-10-19 05:40:26'),
(1105,4,1,'2008-03-31 04:36:43'),
(1110,95,1,'2008-12-23 17:04:46'),
(1186,51,1,'2018-08-20 14:29:42'),
(1201,7,0,'2017-01-21 13:46:22'),
(1216,84,1,'2013-05-13 17:11:30'),
(1232,2,1,'2019-08-12 00:08:07'),
(1242,32,0,'2023-04-09 11:17:50');

INSERT INTO `orders_products` VALUES
(301,1001,7,2132.32),
(301,1109,4,4409.15),
(302,1002,3,4793.00),
(302,1110,7,1983.00),
(303,1003,5,3395.84),
(303,1001,4,4497.24),
(304,1004,9,3001.00),
(304,1112,1,2356.01),
(305,1005,3,1144.57),
(305,1113,2,3461.65),
(306,1006,9,3332.05),
(306,1114,1,3595.55),
(307,1001,5,2834.00),
(307,1115,7,1882.45),
(308,1008,6,4011.67),
(308,1116,6,4113.95),
(309,1009,6,619.91),
(309,1117,8,1585.36),
(310,1010,7,980.20),
(310,1001,5,969.25),
(311,1011,6,4147.11),
(312,1012,6,1320.48),
(313,1013,5,1409.66),
(314,1014,10,766.00),
(315,1015,1,4977.50),
(316,1016,8,125.70),
(317,1017,8,3024.47),
(318,1018,1,3968.59),
(319,1019,10,3785.92),
(320,1020,9,2614.05),
(321,1021,10,1400.00),
(322,1022,3,63.15),
(323,1023,6,4979.31),
(324,1024,3,355.06),
(325,1025,10,2633.06),
(326,1026,4,2073.64),
(327,1027,8,4511.00),
(328,1034,5,3079.92),
(329,1035,5,3068.63),
(330,1036,8,4516.70),
(331,1037,10,4701.04),
(332,1038,6,1062.80),
(335,1039,4,3209.52),
(336,1001,7,3125.67),
(337,1041,9,540.91),
(338,1042,10,2798.63),
(341,1043,10,184.91),
(343,1044,3,2161.07),
(347,1045,7,4947.86),
(348,1046,8,351.80),
(351,1047,10,1708.13),
(352,1048,7,4696.09),
(354,1049,8,2380.26),
(355,1050,4,2981.87),
(357,1051,6,4699.87),
(359,1052,8,523.81),
(361,1053,6,3166.00),
(362,1054,5,4259.70),
(364,1055,5,225.06),
(368,1056,10,4207.00),
(370,1057,10,3830.81),
(375,1058,1,1983.14),
(383,1059,3,152.23),
(384,1060,8,1166.10),
(386,1067,1,3479.26),
(387,1068,1,4103.00),
(390,1069,1,4181.00),
(392,1070,6,2809.04),
(393,1071,9,3659.75),
(397,1072,9,923.08),
(398,1073,2,2579.10),
(400,1074,8,2157.59),
(403,1075,1,644.10),
(404,1076,9,3281.00),
(412,1077,3,1665.20),
(426,1078,8,827.22),
(430,1079,8,761.81),
(432,1080,1,4781.06),
(441,1081,1,1712.10),
(443,1082,8,1511.73),
(449,1083,2,1574.30),
(481,1084,6,3035.83),
(491,1085,1,2722.10),
(503,1086,4,3681.11),
(505,1087,3,266.24),
(511,1088,4,2980.01),
(522,1089,7,3488.18),
(525,1090,9,1809.40),
(544,1091,3,85.50),
(545,1092,7,2907.38),
(584,1093,2,561.35),
(594,1100,4,3866.50),
(619,1101,4,4426.65),
(741,1102,9,857.00),
(757,1103,10,3082.00),
(759,1104,3,1793.57),
(768,1105,5,1936.08),
(782,1106,9,489.60),
(829,1107,4,1210.73),
(850,1108,10,4856.00);

INSERT INTO `cart` VALUES
(1,1001,4),
(1,1040,6),
(1,1079,2),
(2,1002,4),
(2,1041,8),
(2,1080,8),
(3,1003,7),
(3,1042,3),
(3,1081,2),
(4,1004,8),
(4,1043,1),
(4,1082,10),
(5,1005,8),
(5,1044,1),
(5,1083,3),
(6,1006,8),
(6,1045,4),
(6,1084,3),
(7,1007,3),
(7,1046,8),
(7,1085,9),
(8,1008,1),
(8,1047,5),
(8,1086,5),
(9,1009,9),
(9,1048,5),
(9,1087,7),
(10,1010,4),
(10,1049,6),
(10,1088,1),
(11,1011,2),
(11,1050,3),
(11,1089,6),
(12,1012,3),
(12,1051,3),
(12,1090,6),
(13,1013,4),
(13,1052,2),
(13,1091,2),
(14,1014,4),
(14,1053,3),
(14,1092,5),
(15,1015,10),
(15,1054,3),
(16,1016,10),
(16,1055,9),
(17,1017,4),
(17,1056,4),
(18,1018,6),
(18,1057,5),
(19,1019,2),
(19,1058,4),
(20,1020,2),
(20,1059,1),
(21,1021,6),
(21,1060,9),
(22,1022,2),
(22,1067,6),
(23,1023,6),
(23,1068,2),
(24,1024,9),
(24,1069,1),
(25,1025,2),
(25,1070,3),
(26,1026,2),
(26,1071,8),
(27,1027,7),
(27,1072,4),
(28,1034,5),
(28,1073,1),
(29,1035,9),
(29,1074,5),
(30,1036,4),
(30,1075,4),
(31,1037,8),
(31,1076,2),
(32,1038,8),
(32,1077,9),
(33,1039,5),
(33,1078,2);

INSERT INTO `wishlist` VALUES
(1,1001),
(1,1079),
(1,1118),
(2,1080),
(3,1042),
(3,1081),
(3,1120),
(3,1159),
(4,1043),
(4,1166),
(5,1044),
(5,1083),
(5,1122),
(5,1167),
(6,1084),
(7,1046),
(7,1169),
(8,1008),
(9,1087),
(10,1133),
(11,1011),
(11,1089),
(11,1173),
(12,1090),
(13,1175),
(15,1015),
(15,1177),
(16,1016),
(16,1055),
(17,1179),
(18,1057),
(18,1180),
(19,1019),
(20,1020),
(21,1060),
(22,1067),
(24,1069),
(25,1148),
(27,1027),
(28,1034),
(29,1152),
(31,1076),
(32,1116),
(32,1155),
(33,1117),
(33,1156);



-- ----- Запросы -----
CALL `sp_order_add`(2, @tran_result);
SELECT @tran_result;
CALL `sp_order_add`(3, @tran_result);
SELECT @tran_result;

CALL `sp_same_order`(1);

SELECT * FROM v_bargain_sales;

SELECT * FROM v_list_products;

-- 1. подсчитать количетсво товаров по категориям
SELECT catalog.name AS `Каталог`, sections.name AS `Раздел`, categories.name AS `Категория`, COUNT(*) AS `количество`
FROM products
JOIN categories ON categories.id = products.category_id
JOIN sections ON sections.id = categories.section_id
JOIN catalog ON catalog.id = sections.catalog_id
GROUP BY `Каталог`, `Раздел`, `Категория`
ORDER BY `Каталог`, `Раздел`, `Категория`;

-- 2. вывести 5 пользователей, совершивших покупки на наибольшую сумму
SELECT c.id, c.name, SUM(o.total_price) AS `сумма всех покупок`
FROM customers c
JOIN orders o ON o.customer_id = c.id
GROUP BY c.id
ORDER BY `сумма всех покупок` DESC LIMIT 5;

-- 3. вывести 5 пользователей, купивших наибольшее количество товарных позиций
SELECT c.id, c.name, COUNT(*) AS `общее количество товарных позиций`
FROM customers c
JOIN orders o ON o.customer_id = c.id
JOIN orders_products o_p ON o_p.order_id = o.id
GROUP BY c.id
ORDER BY `общее количество товарных позиций` DESC, c.name LIMIT 5;

-- 4. вывести 7 городов, в которых наиболее часто совершалась доставка
SELECT shipments.city, COUNT(*) AS `количество доставок`
FROM shipments
JOIN orders ON orders.shipment_id = shipments.id
GROUP BY shipments.city, shipments.`status` HAVING shipments.`status` = TRUE
ORDER BY `количество доставок` DESC, shipments.city LIMIT 7;

-- 5. вывести 5 самых дорогих товаров
SELECT products.id, catalog.name AS `Каталог`, sections.name AS `Раздел`, categories.name AS `Категория`, products.name AS `Название`, products.price AS `цена`
FROM products
JOIN categories ON categories.id = products.category_id
JOIN sections ON sections.id = categories.section_id
JOIN catalog ON catalog.id = sections.catalog_id
ORDER BY catalog.name, sections.name, categories.name, products.price DESC LIMIT 5;

-- 6. вывести товары, которых нет на складе
SELECT products.id, catalog.name AS `Каталог`, sections.name AS `Раздел`, categories.name AS `Категория`, products.name AS `Название`
FROM products
JOIN categories ON categories.id = products.category_id
JOIN sections ON sections.id = categories.section_id
JOIN catalog ON catalog.id = sections.catalog_id
WHERE products.stock = 0
ORDER BY catalog.name, sections.name, categories.name;

-- 7. вывести товары, которые добавлены в закладки, и покупателей их добавивших
SELECT products.id, catalog.name AS `Каталог`, sections.name AS `Раздел`, categories.name AS `Категория`, products.name AS `Название`,
customers.name AS 'Покупатель'
FROM products
JOIN categories ON categories.id = products.category_id
JOIN sections ON sections.id = categories.section_id
JOIN catalog ON catalog.id = sections.catalog_id
JOIN wishlist ON wishlist.product_id = products.id
JOIN customers ON customers.id = wishlist.customer_id
ORDER BY customers.name, catalog.name, sections.name, categories.name;